fileName,numFormulae,numVertices,numEdges,numCompVertices,numCompEdges,graphBuildTime,RR-Chain_Comp,RR-Chain_NoComp,RR_Comp,RR_NoComp,RF_Comp,RF_NoComp,FR_Comp,FR_NoComp,FF_Comp,FF_NoComp,RRGapOne_Comp,RRGapOne_NoComp,RRGapTwo_Comp,RRGapTwo_NoComp,RRGapThree_Comp,RRGapThree_NoComp,RRGapFour_Comp,RRGapFour_NoComp,RRGapFive_Comp,RRGapFive_NoComp,RRGapSix_Comp,RRGapSix_NoComp,RRGapSeven_Comp,RRGapSeven_NoComp,NoComp_Comp,NoComp_NoComp
chris_germany_000_1_2.pst.1111.xls,8270,27200,26350,11520,11160,1938,0,0,11160,26350,0,0,0,0,0,0,0,0,0,0,0,0,0,0,0,0,0,0,0,0,0,0
chris_germany_000_1_2.pst.1136.xls,1707,54464,52762,23055,22325,2307,0,0,22315,52752,0,0,0,0,0,0,0,0,0,0,0,0,0,0,0,0,0,0,0,0,10,10
kevin_ruscitti_000_1_1.pst.100.xls,8268,27200,26350,11520,11160,1044,0,0,11160,26350,0,0,0,0,0,0,0,0,0,0,0,0,0,0,0,0,0,0,0,0,0,0
kevin_ruscitti_000_1_1.pst.101.xls,8268,27200,26350,11520,11160,1179,0,0,11160,26350,0,0,0,0,0,0,0,0,0,0,0,0,0,0,0,0,0,0,0,0,0,0
kevin_ruscitti_000_1_1.pst.152.xls,12398,27200,26350,11520,11160,1038,0,0,11160,26350,0,0,0,0,0,0,0,0,0,0,0,0,0,0,0,0,0,0,0,0,0,0
kevin_ruscitti_000_1_1.pst.155.xls,850,27200,26350,11520,11160,1018,0,0,11160,26350,0,0,0,0,0,0,0,0,0,0,0,0,0,0,0,0,0,0,0,0,0,0
kevin_ruscitti_000_1_1.pst.156.xls,8268,27200,26350,11520,11160,1122,0,0,11160,26350,0,0,0,0,0,0,0,0,0,0,0,0,0,0,0,0,0,0,0,0,0,0
kevin_ruscitti_000_1_1.pst.157.xls,8268,27200,26350,11520,11160,1036,0,0,11160,26350,0,0,0,0,0,0,0,0,0,0,0,0,0,0,0,0,0,0,0,0,0,0
phillip_allen_000_1_1.pst.212.xls,63932,159632,95772,7,4,986,0,0,4,95772,0,0,0,0,0,0,0,0,0,0,0,0,0,0,0,0,0,0,0,0,0,0
robin_rodrigue_000_1_1.pst.11.xls,9070,27210,18140,6,4,161,0,0,4,18140,0,0,0,0,0,0,0,0,0,0,0,0,0,0,0,0,0,0,0,0,0,0
robin_rodrigue_000_1_1.pst.12.xls,9070,27210,18140,6,4,151,0,0,4,18140,0,0,0,0,0,0,0,0,0,0,0,0,0,0,0,0,0,0,0,0,0,0
robin_rodrigue_000_1_1.pst.13.xls,9070,27210,18140,6,4,214,0,0,4,18140,0,0,0,0,0,0,0,0,0,0,0,0,0,0,0,0,0,0,0,0,0,0
robin_rodrigue_000_1_1.pst.15.xls,8992,26976,17984,6,4,149,0,0,4,17984,0,0,0,0,0,0,0,0,0,0,0,0,0,0,0,0,0,0,0,0,0,0
robin_rodrigue_000_1_1.pst.157.xls,9024,27072,18048,6,4,182,0,0,4,18048,0,0,0,0,0,0,0,0,0,0,0,0,0,0,0,0,0,0,0,0,0,0
robin_rodrigue_000_1_1.pst.159.xls,9024,27072,18048,6,4,148,0,0,4,18048,0,0,0,0,0,0,0,0,0,0,0,0,0,0,0,0,0,0,0,0,0,0
robin_rodrigue_000_1_1.pst.166.xls,9094,27282,18188,6,4,151,0,0,4,18188,0,0,0,0,0,0,0,0,0,0,0,0,0,0,0,0,0,0,0,0,0,0
darron_c_giron_000_1_1_1.pst.137.xls,65944,127508,75058,19,11,802,0,0,11,75058,0,0,0,0,0,0,0,0,0,0,0,0,0,0,0,0,0,0,0,0,0,0
darron_c_giron_000_1_1_1.pst.194.xls,65944,127508,75058,19,11,807,0,0,11,75058,0,0,0,0,0,0,0,0,0,0,0,0,0,0,0,0,0,0,0,0,0,0
darron_c_giron_000_1_1_1.pst.276.xls,65944,127508,75058,19,11,1231,0,0,11,75058,0,0,0,0,0,0,0,0,0,0,0,0,0,0,0,0,0,0,0,0,0,0
matthew_lenhart_000_1_1.pst.65.xls,31061,72469,41409,51,29,428,0,0,29,41409,0,0,0,0,0,0,0,0,0,0,0,0,0,0,0,0,0,0,0,0,0,0
vkaminski_000_1_1_1.pst.182.xls,10954,16633,11112,40,26,72,0,0,22,11108,0,0,0,0,0,0,0,0,0,0,0,0,0,0,0,0,0,0,0,0,4,4
benjamin_rogers_000_1_1.pst.12.xls,27674,52480,27836,106,64,289,0,0,56,27828,0,0,0,0,0,0,0,0,0,0,0,0,0,0,0,0,0,0,0,0,8,8
bill_williams_iii_000_1_1.pst.81.xls,8064,18816,16128,7,6,133,0,0,6,16128,0,0,0,0,0,0,0,0,0,0,0,0,0,0,0,0,0,0,0,0,0,0
cooper_richey_000_1_1.pst.29.xls,10887,21772,10888,9,5,76,0,0,2,10884,0,0,0,0,1,2,0,0,0,0,0,0,0,0,0,0,0,0,0,0,2,2
cooper_richey_000_1_1.pst.30.xls,7437,14893,7466,66,35,157,0,0,15,7444,0,0,0,0,1,2,0,0,0,0,0,0,0,0,0,0,0,0,0,0,19,19
craig_dean_000_1_1.pst.124.xls,28524,38032,28524,4,3,209,0,0,3,28524,0,0,0,0,0,0,0,0,0,0,0,0,0,0,0,0,0,0,0,0,0,0
daren_farmer_000_1_1.pst.313.xls,11441,24414,12973,9970,4986,227,0,0,3887,11874,0,0,0,0,0,0,0,0,0,0,0,0,0,0,0,0,0,0,0,0,1099,1099
jeff_dasovich_000_1_1_1.pst.44.xls,10041,20082,10041,12,6,65,0,0,6,10041,0,0,0,0,0,0,0,0,0,0,0,0,0,0,0,0,0,0,0,0,0,0
jim_schwieger_000_1_1.pst.112.xls,19036,35432,49318,11556,15337,2575,4,22,15333,49296,0,0,0,0,0,0,0,0,0,0,0,0,0,0,0,0,0,0,0,0,0,0
jim_schwieger_000_1_1.pst.113.xls,20430,36620,48896,9346,15343,2046,4,1200,15339,47696,0,0,0,0,0,0,0,0,0,0,0,0,0,0,0,0,0,0,0,0,0,0
joe_quenet_000_1_1.pst.17.xls,4567,9143,4586,51,27,34,0,0,10,4567,0,0,0,0,1,2,0,0,0,0,0,0,0,0,0,0,0,0,0,0,16,16
joe_quenet_000_1_1.pst.18.xls,10887,21772,10888,9,5,77,0,0,2,10884,0,0,0,0,1,2,0,0,0,0,0,0,0,0,0,0,0,0,0,0,2,2
joe_stepenovitch_000_1_1.pst.15.xls,4567,9143,4586,51,27,33,0,0,10,4567,0,0,0,0,1,2,0,0,0,0,0,0,0,0,0,0,0,0,0,0,16,16
joe_stepenovitch_000_1_1.pst.25.xls,10887,21772,10888,9,5,75,0,0,2,10884,0,0,0,0,1,2,0,0,0,0,0,0,0,0,0,0,0,0,0,0,2,2
john_arnold_000_1_2.pst.135.xls,7539,15079,9052,65,33,74,0,0,23,9042,0,0,0,0,0,0,0,0,0,0,0,0,0,0,0,0,0,0,0,0,10,10
john_zufferli_000_1_1.pst.54.xls,7437,14893,7466,66,35,57,0,0,15,7444,0,0,0,0,1,2,0,0,0,0,0,0,0,0,0,0,0,0,0,0,19,19
keith_holst_000_1_1.pst.144.xls,17671,50325,34943,39,24,283,0,0,24,34943,0,0,0,0,0,0,0,0,0,0,0,0,0,0,0,0,0,0,0,0,0,0
kevin_presto_000_1_1.pst.261.xls,10887,21772,10888,9,5,76,0,0,2,10884,0,0,0,0,1,2,0,0,0,0,0,0,0,0,0,0,0,0,0,0,2,2
mike_carson_000_1_1.pst.42.xls,10887,21772,10888,9,5,75,0,0,2,10884,0,0,0,0,1,2,0,0,0,0,0,0,0,0,0,0,0,0,0,0,2,2
richard_shapiro_001_1_2.pst.124.xls,10041,20082,10041,12,6,107,0,0,6,10041,0,0,0,0,0,0,0,0,0,0,0,0,0,0,0,0,0,0,0,0,0,0
robin_rodrigue_000_1_1.pst.137.xls,31596,76728,72214,23,19,882,0,0,16,72210,0,0,0,0,1,2,0,0,0,0,0,0,0,0,0,0,0,0,0,0,2,2
robin_rodrigue_000_1_1.pst.148.xls,27268,68164,63620,20,17,738,0,0,14,63616,0,0,0,0,1,2,0,0,0,0,0,0,0,0,0,0,0,0,0,0,2,2
robin_rodrigue_000_1_1.pst.151.xls,22765,54636,54636,12,12,588,0,0,12,54636,0,0,0,0,0,0,0,0,0,0,0,0,0,0,0,0,0,0,0,0,0,0
robin_rodrigue_000_1_1.pst.266.xls,19757,48059,45120,18,16,578,0,0,16,45120,0,0,0,0,0,0,0,0,0,0,0,0,0,0,0,0,0,0,0,0,0,0
robin_rodrigue_000_1_1.pst.270.xls,31947,77572,72976,24,20,911,0,0,18,72974,0,0,0,0,0,0,0,0,0,0,0,0,0,0,0,0,0,0,0,0,2,2
robin_rodrigue_001_1_1.pst.3.xls,27268,68164,63620,20,17,798,0,0,14,63616,0,0,0,0,1,2,0,0,0,0,0,0,0,0,0,0,0,0,0,0,2,2
stacey_white_000_1_1.pst.254.xls,28720,57440,64620,8,9,699,0,0,9,64620,0,0,0,0,0,0,0,0,0,0,0,0,0,0,0,0,0,0,0,0,0,0
andy_zipper_000_1_1.pst.52.xls,4504,11010,10006,53,39,97,0,0,22,9984,0,0,0,0,5,10,0,0,0,0,0,0,0,0,0,0,0,0,0,0,12,12
andy_zipper_000_1_1.pst.53.xls,4504,11010,10006,53,39,130,0,0,22,9984,0,0,0,0,5,10,0,0,0,0,0,0,0,0,0,0,0,0,0,0,12,12
benjamin_rogers_001_1_1.pst.134.xls,6186,17373,11493,193,135,137,0,0,80,11438,0,0,0,0,0,0,0,0,0,0,0,0,0,0,0,0,0,0,0,0,55,55
holden_salisbury_000_1_1.pst.33.xls,20449,81790,81787,11,10,1062,0,0,9,81786,0,0,0,0,0,0,0,0,0,0,0,0,0,0,0,0,0,0,0,0,1,1
kevin_ruscitti_000_1_1.pst.103.xls,26906,27823,26674,11990,11433,1114,0,0,11210,26451,0,0,0,0,0,0,0,0,0,0,0,0,0,0,0,0,0,0,0,0,223,223
elizabeth_sager_000_1_1.pst.103.xls,21572,46236,77024,115,120,1062,0,0,103,77005,0,0,0,0,2,4,0,0,0,0,0,0,0,0,0,0,0,0,0,0,15,15
elizabeth_sager_000_1_1.pst.122.xls,22156,47520,79160,147,165,1182,0,0,165,79160,0,0,0,0,0,0,0,0,0,0,0,0,0,0,0,0,0,0,0,0,0,0
richard_ring_000_1_1.pst.176.xls,47483,95071,47733,448,239,650,0,0,153,47647,0,0,0,0,0,0,0,0,0,0,0,0,0,0,0,0,0,0,0,0,86,86
richard_ring_000_1_1.pst.95.xls,48505,97137,48778,680,354,729,0,0,248,48672,0,0,0,0,0,0,0,0,0,0,0,0,0,0,0,0,0,0,0,0,106,106
thomas_martin_000_1_1_1.pst.194.xls,10613,31508,20933,367,206,165,0,0,180,20907,0,0,0,0,0,0,0,0,0,0,0,0,0,0,0,0,0,0,0,0,26,26
andy_zipper_000_1_1.pst.54.xls,4513,11034,10028,76,54,130,0,0,24,9988,0,0,0,0,10,20,0,0,0,0,0,0,0,0,0,0,0,0,0,0,20,20
andy_zipper_000_1_1.pst.58.xls,4513,11034,10028,76,54,129,0,0,24,9988,0,0,0,0,10,20,0,0,0,0,0,0,0,0,0,0,0,0,0,0,20,20
james_steffes_000_1_1.pst.221.xls,12822,32171,25639,1351,1075,615,0,0,1068,25632,0,0,0,0,0,0,0,0,0,0,0,0,0,0,0,0,0,0,0,0,7,7
vkaminski_000_1_1_1.pst.171.xls,19678,31509,43218,21,15,440,0,0,14,39295,0,0,0,0,0,0,0,0,0,0,0,0,0,0,0,0,0,0,0,0,1,1
vkaminski_000_1_1_1.pst.172.xls,19810,31776,43434,33,21,440,0,0,17,39427,0,0,0,0,0,0,0,0,0,0,0,0,0,0,0,0,0,0,0,0,4,4
vkaminski_000_1_1_1.pst.173.xls,19678,31509,43218,21,15,438,0,0,14,39295,0,0,0,0,0,0,0,0,0,0,0,0,0,0,0,0,0,0,0,0,1,1
vkaminski_000_1_1_1.pst.174.xls,19810,31776,43434,33,21,444,0,0,17,39427,0,0,0,0,0,0,0,0,0,0,0,0,0,0,0,0,0,0,0,0,4,4
vkaminski_000_1_1_1.pst.175.xls,19678,31509,43218,21,15,500,0,0,14,39295,0,0,0,0,0,0,0,0,0,0,0,0,0,0,0,0,0,0,0,0,1,1
vkaminski_000_1_1_1.pst.176.xls,19678,31509,43218,21,15,473,0,0,14,39295,0,0,0,0,0,0,0,0,0,0,0,0,0,0,0,0,0,0,0,0,1,1
vkaminski_000_1_1_1.pst.177.xls,20242,32475,44371,38,24,523,0,0,19,40274,0,0,0,0,1,7,0,0,0,0,0,0,0,0,0,0,0,0,0,0,4,4
andy_zipper_000_1_1.pst.59.xls,4515,11037,10033,76,54,130,0,0,24,9990,0,0,0,0,10,23,0,0,0,0,0,0,0,0,0,0,0,0,0,0,20,20
andy_zipper_000_1_1.pst.62.xls,4515,11037,10033,76,54,130,0,0,24,9990,0,0,0,0,10,23,0,0,0,0,0,0,0,0,0,0,0,0,0,0,20,20
andy_zipper_000_1_1.pst.63.xls,4486,10977,9975,76,54,129,0,0,24,9932,0,0,0,0,10,23,0,0,0,0,0,0,0,0,0,0,0,0,0,0,20,20
andy_zipper_000_1_1.pst.64.xls,4513,11032,10029,76,54,138,0,0,24,9986,0,0,0,0,10,23,0,0,0,0,0,0,0,0,0,0,0,0,0,0,20,20
andy_zipper_000_1_1.pst.65.xls,4483,10972,9969,82,58,137,0,0,24,9922,0,0,0,0,10,23,0,0,0,0,0,0,0,0,0,0,0,0,0,0,24,24
andy_zipper_000_1_1.pst.66.xls,4483,10971,9968,81,57,138,0,0,24,9922,0,0,0,0,10,23,0,0,0,0,0,0,0,0,0,0,0,0,0,0,23,23
andy_zipper_000_1_1.pst.67.xls,4469,10941,9940,80,57,181,0,0,24,9894,0,0,0,0,10,23,0,0,0,0,0,0,0,0,0,0,0,0,0,0,23,23
andy_zipper_000_1_1.pst.68.xls,4469,10941,9940,80,57,128,0,0,24,9894,0,0,0,0,10,23,0,0,0,0,0,0,0,0,0,0,0,0,0,0,23,23
andy_zipper_000_1_1.pst.69.xls,4469,10941,9940,80,57,128,0,0,24,9894,0,0,0,0,10,23,0,0,0,0,0,0,0,0,0,0,0,0,0,0,23,23
andy_zipper_000_1_1.pst.70.xls,4471,10944,9941,83,58,128,0,0,24,9894,0,0,0,0,10,23,0,0,0,0,0,0,0,0,0,0,0,0,0,0,24,24
andy_zipper_000_1_1.pst.71.xls,4467,10930,9929,83,58,127,0,0,24,9882,0,0,0,0,10,23,0,0,0,0,0,0,0,0,0,0,0,0,0,0,24,24
andy_zipper_000_1_1.pst.72.xls,4467,10930,9929,83,58,127,0,0,24,9882,0,0,0,0,10,23,0,0,0,0,0,0,0,0,0,0,0,0,0,0,24,24
andy_zipper_000_1_1.pst.73.xls,4467,10930,9929,83,58,127,0,0,24,9882,0,0,0,0,10,23,0,0,0,0,0,0,0,0,0,0,0,0,0,0,24,24
andy_zipper_000_1_1.pst.74.xls,4467,10930,9929,83,58,127,0,0,24,9882,0,0,0,0,10,23,0,0,0,0,0,0,0,0,0,0,0,0,0,0,24,24
andy_zipper_000_1_1.pst.75.xls,4467,10930,9929,83,58,127,0,0,24,9882,0,0,0,0,10,23,0,0,0,0,0,0,0,0,0,0,0,0,0,0,24,24
andy_zipper_000_1_1.pst.76.xls,4467,10930,10426,83,59,135,0,0,25,10379,0,0,0,0,10,23,0,0,0,0,0,0,0,0,0,0,0,0,0,0,24,24
andy_zipper_000_1_1.pst.77.xls,4467,10930,10426,83,59,139,0,0,25,10379,0,0,0,0,10,23,0,0,0,0,0,0,0,0,0,0,0,0,0,0,24,24
andy_zipper_000_1_1.pst.78.xls,3485,9948,8953,81,56,124,0,0,22,8906,0,0,0,0,10,23,0,0,0,0,0,0,0,0,0,0,0,0,0,0,24,24
andy_zipper_000_1_1.pst.79.xls,3485,9948,8953,81,56,116,0,0,22,8906,0,0,0,0,10,23,0,0,0,0,0,0,0,0,0,0,0,0,0,0,24,24
andy_zipper_000_1_1.pst.80.xls,3490,9960,8964,87,62,153,0,0,23,8908,0,0,2,4,12,27,0,0,0,0,0,0,0,0,0,0,0,0,0,0,25,25
andy_zipper_000_1_1.pst.81.xls,3473,9908,8914,87,61,121,0,0,23,8859,0,0,2,4,12,27,0,0,0,0,0,0,0,0,0,0,0,0,0,0,24,24
john_hodge_000_1_1.pst.198.xls,24515,43008,33335,42,33,419,0,0,32,33334,0,0,0,0,0,0,0,0,0,0,0,0,0,0,0,0,0,0,0,0,1,1
scott_neal_000_1_1.pst.533.xls,6644,13085,10685,1053,770,225,0,0,330,10229,0,0,0,0,16,32,0,0,0,0,0,0,0,0,0,0,0,0,0,0,424,424
vkaminski_000_1_1_1.pst.255.xls,24112,48224,45210,16,15,620,0,0,15,45210,0,0,0,0,0,0,0,0,0,0,0,0,0,0,0,0,0,0,0,0,0,0
vkaminski_000_1_1_1.pst.256.xls,13212,26424,23488,18,16,281,0,0,16,23488,0,0,0,0,0,0,0,0,0,0,0,0,0,0,0,0,0,0,0,0,0,0
vkaminski_000_1_1_1.pst.257.xls,9288,18576,16512,18,16,194,0,0,16,16512,0,0,0,0,0,0,0,0,0,0,0,0,0,0,0,0,0,0,0,0,0,0
andy_zipper_000_1_1.pst.106.xls,53457,99885,88905,185,128,1153,0,0,35,88784,0,0,2,4,15,41,0,0,0,0,0,0,0,0,0,0,0,0,0,0,76,76
andy_zipper_000_1_1.pst.115.xls,53457,99885,88905,185,128,1088,0,0,35,88784,0,0,2,4,15,41,0,0,0,0,0,0,0,0,0,0,0,0,0,0,76,76
andy_zipper_000_1_1.pst.120.xls,53457,99885,88905,185,128,1120,0,0,35,88784,0,0,2,4,15,41,0,0,0,0,0,0,0,0,0,0,0,0,0,0,76,76
andy_zipper_000_1_1.pst.122.xls,53457,99885,88905,185,128,1116,0,0,35,88784,0,0,2,4,15,41,0,0,0,0,0,0,0,0,0,0,0,0,0,0,76,76
andy_zipper_000_1_1.pst.138.xls,53457,99885,88905,185,128,1112,0,0,35,88784,0,0,2,4,15,41,0,0,0,0,0,0,0,0,0,0,0,0,0,0,76,76
andy_zipper_000_1_1.pst.142.xls,53457,99885,88905,185,128,1172,0,0,35,88784,0,0,2,4,15,41,0,0,0,0,0,0,0,0,0,0,0,0,0,0,76,76
andy_zipper_000_1_1.pst.144.xls,53457,99886,88905,188,129,1107,0,0,35,88784,1,2,2,4,14,38,0,0,0,0,0,0,0,0,0,0,0,0,0,0,77,77
andy_zipper_000_1_1.pst.146.xls,53459,99890,88905,198,136,1085,0,0,35,88777,1,2,4,8,12,34,0,0,0,0,0,0,0,0,0,0,0,0,0,0,84,84
andy_zipper_000_1_1.pst.16.xls,53459,99889,88905,197,135,1066,0,0,35,88777,1,2,4,8,13,36,0,0,0,0,0,0,0,0,0,0,0,0,0,0,82,82
andy_zipper_000_1_1.pst.21.xls,53459,99889,88905,197,135,1147,0,0,35,88777,1,2,4,8,13,36,0,0,0,0,0,0,0,0,0,0,0,0,0,0,82,82
andy_zipper_000_1_1.pst.28.xls,53459,99889,88905,197,135,1166,0,0,35,88777,1,2,4,8,13,36,0,0,0,0,0,0,0,0,0,0,0,0,0,0,82,82
andy_zipper_000_1_1.pst.83.xls,29437,58197,52277,3106,2319,708,0,0,731,50662,0,0,2,4,14,39,0,0,0,0,0,0,0,0,0,0,0,0,0,0,1572,1572
andy_zipper_000_1_1.pst.84.xls,53460,99894,88912,186,129,1088,0,0,35,88791,0,0,2,4,14,39,0,0,0,0,0,0,0,0,0,0,0,0,0,0,78,78
andy_zipper_000_1_1.pst.85.xls,53460,99894,88912,186,129,1033,0,0,35,88791,0,0,2,4,14,39,0,0,0,0,0,0,0,0,0,0,0,0,0,0,78,78
andy_zipper_000_1_1.pst.87.xls,53460,99894,88912,186,129,1038,0,0,35,88791,0,0,2,4,14,39,0,0,0,0,0,0,0,0,0,0,0,0,0,0,78,78
andy_zipper_000_1_1.pst.88.xls,53457,99885,88905,185,128,1093,0,0,35,88784,0,0,2,4,15,41,0,0,0,0,0,0,0,0,0,0,0,0,0,0,76,76
andy_zipper_000_1_1.pst.92.xls,53457,99885,88905,185,128,1062,0,0,35,88784,0,0,2,4,15,41,0,0,0,0,0,0,0,0,0,0,0,0,0,0,76,76
andy_zipper_000_1_1.pst.97.xls,53457,99885,88905,185,128,1060,0,0,35,88784,0,0,2,4,15,41,0,0,0,0,0,0,0,0,0,0,0,0,0,0,76,76
jeff_dasovich_000_1_1_1.pst.91.xls,5781,16445,13213,845,566,186,0,0,288,12935,0,0,0,0,0,0,0,0,0,0,0,0,0,0,0,0,0,0,0,0,278,278
jim_schwieger_000_1_1.pst.111.xls,29085,102416,106850,9228,16327,4275,2,1236,16325,105614,0,0,0,0,0,0,0,0,0,0,0,0,0,0,0,0,0,0,0,0,0,0
stacey_white_000_1_1.pst.139.xls,4531,13320,10328,266,176,112,0,0,52,10189,0,0,0,0,10,20,0,0,0,0,0,0,0,0,0,0,0,0,0,0,114,114
eric_saibi_000_1_1.pst.464.xls,13268,25770,26359,162,159,239,0,0,144,26335,0,0,0,0,6,15,0,0,0,0,0,0,0,0,0,0,0,0,0,0,9,9
eric_saibi_000_1_1.pst.598.xls,13268,25770,26359,162,159,246,0,0,144,26335,0,0,0,0,6,15,0,0,0,0,0,0,0,0,0,0,0,0,0,0,9,9
john_forney_000_1_1.pst.58.xls,13268,25770,26359,162,159,247,0,0,144,26335,0,0,0,0,6,15,0,0,0,0,0,0,0,0,0,0,0,0,0,0,9,9
john_forney_000_1_1.pst.59.xls,13268,25770,26359,162,159,262,0,0,144,26335,0,0,0,0,6,15,0,0,0,0,0,0,0,0,0,0,0,0,0,0,9,9
craig_dean_000_1_1.pst.35.xls,10231,35621,40750,202,180,448,0,0,53,40542,0,0,0,0,28,90,0,0,0,0,0,0,0,0,0,0,0,0,0,0,99,99
chris_germany_000_1_2.pst.1112.xls,25416,28233,27262,12329,11769,996,65,130,11265,26626,0,0,0,0,65,130,0,0,0,0,0,0,0,0,0,0,0,0,0,0,374,374
juan_hernandez_000_1_1.pst.169.xls,29044,36575,57861,201,142,901,0,0,98,57817,0,0,0,0,0,0,0,0,0,0,0,0,0,0,0,0,0,0,0,0,44,44
don_baughman_000_1_1.pst.174.xls,74373,201657,132957,2874,1681,2090,1,20,551,129228,0,0,0,0,1116,2232,0,0,0,0,0,0,0,0,0,0,0,0,0,0,13,13
mary_fischer_000_1_1.pst.120.xls,17022,33543,17929,1413,793,259,0,0,535,17493,0,0,0,0,178,356,0,0,0,0,0,0,0,0,0,0,0,0,0,0,80,80
vkaminski_000_1_1_1.pst.127.xls,19090,24635,32716,3122,1591,481,12,24,157,23174,0,0,0,0,1351,2702,0,0,0,0,0,0,0,0,0,0,0,0,0,0,71,71
vkaminski_001_1_2_1.pst.39.xls,3999,8977,6901,398,309,90,1,2,242,6826,0,0,0,0,4,10,0,0,0,0,0,0,0,0,0,0,0,0,0,0,62,62
john_griffith_000_1_1.pst.516.xls,14569,23321,20408,14,9,180,0,0,6,17476,0,0,0,0,0,0,0,0,0,0,0,0,0,0,0,0,0,0,0,0,3,3
darron_c_giron_000_1_1_1.pst.165.xls,10597,30191,20396,708,522,145,1,28,20,19820,0,0,0,0,4,8,0,0,0,0,0,0,0,0,0,0,0,0,0,0,497,497
gstorey_000_1_1.pst.15.xls,2934,5413,6422,170,154,109,5,149,131,6255,0,0,0,0,0,0,0,0,0,0,0,0,0,0,0,0,0,0,0,0,18,18
chris_germany_000_1_2.pst.1032.xls,8573,11326,12443,783,621,187,61,1807,425,10500,0,0,0,0,1,2,0,0,0,0,0,0,0,0,0,0,0,0,0,0,134,134
don_baughman_000_1_1.pst.205.xls,7598,12416,18983,516,783,426,0,0,780,18980,0,0,0,0,0,0,0,0,0,0,0,0,0,0,0,0,0,0,0,0,3,3
bill_williams_iii_000_1_1.pst.56.xls,6251,10212,15610,435,652,323,0,0,652,15610,0,0,0,0,0,0,0,0,0,0,0,0,0,0,0,0,0,0,0,0,0,0
don_baughman_000_1_1.pst.100.xls,5839,9567,14610,640,919,320,0,0,912,14603,0,0,0,0,0,0,0,0,0,0,0,0,0,0,0,0,0,0,0,0,7,7
don_baughman_000_1_1.pst.101.xls,5839,9567,14610,640,919,317,0,0,912,14603,0,0,0,0,0,0,0,0,0,0,0,0,0,0,0,0,0,0,0,0,7,7
don_baughman_000_1_1.pst.102.xls,5839,9567,14610,640,919,320,0,0,912,14603,0,0,0,0,0,0,0,0,0,0,0,0,0,0,0,0,0,0,0,0,7,7
don_baughman_000_1_1.pst.119.xls,5004,8184,12496,532,788,258,0,0,782,12490,0,0,0,0,0,0,0,0,0,0,0,0,0,0,0,0,0,0,0,0,6,6
don_baughman_000_1_1.pst.127.xls,5004,8152,12416,530,783,256,0,0,777,12410,0,0,0,0,0,0,0,0,0,0,0,0,0,0,0,0,0,0,0,0,6,6
don_baughman_000_1_1.pst.128.xls,4171,6822,10415,445,657,220,0,0,652,10410,0,0,0,0,0,0,0,0,0,0,0,0,0,0,0,0,0,0,0,0,5,5
don_baughman_000_1_1.pst.129.xls,5004,8184,12496,532,788,259,0,0,782,12490,0,0,0,0,0,0,0,0,0,0,0,0,0,0,0,0,0,0,0,0,6,6
don_baughman_000_1_1.pst.131.xls,5004,8184,12496,532,788,258,0,0,782,12490,0,0,0,0,0,0,0,0,0,0,0,0,0,0,0,0,0,0,0,0,6,6
don_baughman_000_1_1.pst.132.xls,5004,8184,12496,532,788,256,0,0,782,12490,0,0,0,0,0,0,0,0,0,0,0,0,0,0,0,0,0,0,0,0,6,6
don_baughman_000_1_1.pst.133.xls,5004,8184,12496,532,788,269,0,0,782,12490,0,0,0,0,0,0,0,0,0,0,0,0,0,0,0,0,0,0,0,0,6,6
don_baughman_000_1_1.pst.134.xls,5837,9546,14577,619,919,324,0,0,912,14570,0,0,0,0,0,0,0,0,0,0,0,0,0,0,0,0,0,0,0,0,7,7
don_baughman_000_1_1.pst.135.xls,5837,9546,14577,619,919,331,0,0,912,14570,0,0,0,0,0,0,0,0,0,0,0,0,0,0,0,0,0,0,0,0,7,7
don_baughman_000_1_1.pst.137.xls,5837,9546,14577,619,919,324,0,0,912,14570,0,0,0,0,0,0,0,0,0,0,0,0,0,0,0,0,0,0,0,0,7,7
don_baughman_000_1_1.pst.138.xls,5837,9546,14577,619,919,325,0,0,912,14570,0,0,0,0,0,0,0,0,0,0,0,0,0,0,0,0,0,0,0,0,7,7
don_baughman_000_1_1.pst.140.xls,5837,9546,14577,619,919,321,0,0,912,14570,0,0,0,0,0,0,0,0,0,0,0,0,0,0,0,0,0,0,0,0,7,7
don_baughman_000_1_1.pst.141.xls,5837,9546,14577,619,919,312,0,0,912,14570,0,0,0,0,0,0,0,0,0,0,0,0,0,0,0,0,0,0,0,0,7,7
don_baughman_000_1_1.pst.142.xls,5837,9546,14577,619,919,312,0,0,912,14570,0,0,0,0,0,0,0,0,0,0,0,0,0,0,0,0,0,0,0,0,7,7
don_baughman_000_1_1.pst.143.xls,5837,9546,14577,619,919,323,0,0,912,14570,0,0,0,0,0,0,0,0,0,0,0,0,0,0,0,0,0,0,0,0,7,7
don_baughman_000_1_1.pst.144.xls,5837,9546,14577,619,919,336,0,0,912,14570,0,0,0,0,0,0,0,0,0,0,0,0,0,0,0,0,0,0,0,0,7,7
don_baughman_000_1_1.pst.145.xls,5837,9546,14577,619,919,334,0,0,912,14570,0,0,0,0,0,0,0,0,0,0,0,0,0,0,0,0,0,0,0,0,7,7
don_baughman_000_1_1.pst.147.xls,5853,9578,14608,636,919,321,0,0,912,14601,0,0,0,0,0,0,0,0,0,0,0,0,0,0,0,0,0,0,0,0,7,7
don_baughman_000_1_1.pst.148.xls,5835,9547,14575,625,919,323,0,0,912,14568,0,0,0,0,0,0,0,0,0,0,0,0,0,0,0,0,0,0,0,0,7,7
don_baughman_000_1_1.pst.149.xls,5835,9547,14575,625,919,318,0,0,912,14568,0,0,0,0,0,0,0,0,0,0,0,0,0,0,0,0,0,0,0,0,7,7
don_baughman_000_1_1.pst.150.xls,5838,9549,14579,622,919,318,0,0,912,14572,0,0,0,0,0,0,0,0,0,0,0,0,0,0,0,0,0,0,0,0,7,7
don_baughman_000_1_1.pst.151.xls,5837,9549,14578,624,919,323,0,0,912,14571,0,0,0,0,0,0,0,0,0,0,0,0,0,0,0,0,0,0,0,0,7,7
don_baughman_000_1_1.pst.152.xls,5839,9567,14610,640,919,322,0,0,912,14603,0,0,0,0,0,0,0,0,0,0,0,0,0,0,0,0,0,0,0,0,7,7
don_baughman_000_1_1.pst.167.xls,5837,9546,14577,619,919,311,0,0,912,14570,0,0,0,0,0,0,0,0,0,0,0,0,0,0,0,0,0,0,0,0,7,7
don_baughman_000_1_1.pst.175.xls,5837,9546,14577,619,919,322,0,0,912,14570,0,0,0,0,0,0,0,0,0,0,0,0,0,0,0,0,0,0,0,0,7,7
don_baughman_000_1_1.pst.176.xls,5837,9546,14577,619,919,323,0,0,912,14570,0,0,0,0,0,0,0,0,0,0,0,0,0,0,0,0,0,0,0,0,7,7
don_baughman_000_1_1.pst.177.xls,5837,9546,14577,619,919,324,0,0,912,14570,0,0,0,0,0,0,0,0,0,0,0,0,0,0,0,0,0,0,0,0,7,7
don_baughman_000_1_1.pst.178.xls,5837,9546,14577,619,919,310,0,0,912,14570,0,0,0,0,0,0,0,0,0,0,0,0,0,0,0,0,0,0,0,0,7,7
don_baughman_000_1_1.pst.179.xls,5837,9546,14577,619,919,314,0,0,912,14570,0,0,0,0,0,0,0,0,0,0,0,0,0,0,0,0,0,0,0,0,7,7
don_baughman_000_1_1.pst.180.xls,5837,9546,14577,619,919,315,0,0,912,14570,0,0,0,0,0,0,0,0,0,0,0,0,0,0,0,0,0,0,0,0,7,7
don_baughman_000_1_1.pst.181.xls,5838,9546,14577,619,919,312,0,0,912,14570,0,0,0,0,0,0,0,0,0,0,0,0,0,0,0,0,0,0,0,0,7,7
don_baughman_000_1_1.pst.182.xls,5838,9546,14577,619,919,317,0,0,912,14570,0,0,0,0,0,0,0,0,0,0,0,0,0,0,0,0,0,0,0,0,7,7
don_baughman_000_1_1.pst.183.xls,5838,9546,14577,619,919,313,0,0,912,14570,0,0,0,0,0,0,0,0,0,0,0,0,0,0,0,0,0,0,0,0,7,7
don_baughman_000_1_1.pst.184.xls,5837,9546,14577,619,919,318,0,0,912,14570,0,0,0,0,0,0,0,0,0,0,0,0,0,0,0,0,0,0,0,0,7,7
don_baughman_000_1_1.pst.185.xls,5837,9546,14577,619,919,319,0,0,912,14570,0,0,0,0,0,0,0,0,0,0,0,0,0,0,0,0,0,0,0,0,7,7
don_baughman_000_1_1.pst.186.xls,5837,9546,14577,619,919,309,0,0,912,14570,0,0,0,0,0,0,0,0,0,0,0,0,0,0,0,0,0,0,0,0,7,7
don_baughman_000_1_1.pst.187.xls,5837,9546,14577,619,919,311,0,0,912,14570,0,0,0,0,0,0,0,0,0,0,0,0,0,0,0,0,0,0,0,0,7,7
don_baughman_000_1_1.pst.188.xls,5837,9546,14577,619,919,314,0,0,912,14570,0,0,0,0,0,0,0,0,0,0,0,0,0,0,0,0,0,0,0,0,7,7
don_baughman_000_1_1.pst.189.xls,5838,9546,14577,619,919,318,0,0,912,14570,0,0,0,0,0,0,0,0,0,0,0,0,0,0,0,0,0,0,0,0,7,7
don_baughman_000_1_1.pst.190.xls,5838,9546,14577,619,919,313,0,0,912,14570,0,0,0,0,0,0,0,0,0,0,0,0,0,0,0,0,0,0,0,0,7,7
don_baughman_000_1_1.pst.191.xls,5798,9544,14499,671,939,312,0,0,929,14489,0,0,0,0,0,0,0,0,0,0,0,0,0,0,0,0,0,0,0,0,10,10
don_baughman_000_1_1.pst.192.xls,5798,9544,14499,671,939,320,0,0,929,14489,0,0,0,0,0,0,0,0,0,0,0,0,0,0,0,0,0,0,0,0,10,10
don_baughman_000_1_1.pst.193.xls,5799,9544,14499,671,939,309,0,0,929,14489,0,0,0,0,0,0,0,0,0,0,0,0,0,0,0,0,0,0,0,0,10,10
don_baughman_000_1_1.pst.194.xls,5798,9544,14499,671,939,312,0,0,929,14489,0,0,0,0,0,0,0,0,0,0,0,0,0,0,0,0,0,0,0,0,10,10
don_baughman_000_1_1.pst.195.xls,5799,9544,14499,671,939,311,0,0,929,14489,0,0,0,0,0,0,0,0,0,0,0,0,0,0,0,0,0,0,0,0,10,10
don_baughman_000_1_1.pst.196.xls,11624,19146,29054,1374,1878,627,0,0,1858,29034,0,0,0,0,0,0,0,0,0,0,0,0,0,0,0,0,0,0,0,0,20,20
don_baughman_000_1_1.pst.200.xls,11423,19016,28780,1349,1850,623,0,0,1833,28763,0,0,0,0,0,0,0,0,0,0,0,0,0,0,0,0,0,0,0,0,17,17
don_baughman_000_1_1.pst.202.xls,16838,28107,42611,1985,2733,901,0,0,2709,42587,0,0,0,0,0,0,0,0,0,0,0,0,0,0,0,0,0,0,0,0,24,24
juan_hernandez_000_1_1.pst.10.xls,5837,9546,14577,619,919,327,0,0,912,14570,0,0,0,0,0,0,0,0,0,0,0,0,0,0,0,0,0,0,0,0,7,7
juan_hernandez_000_1_1.pst.164.xls,5837,9546,14577,619,919,324,0,0,912,14570,0,0,0,0,0,0,0,0,0,0,0,0,0,0,0,0,0,0,0,0,7,7
juan_hernandez_000_1_1.pst.165.xls,5836,9546,14575,625,921,309,0,0,914,14568,0,0,0,0,0,0,0,0,0,0,0,0,0,0,0,0,0,0,0,0,7,7
larry_campbell_000_1_1.pst.502.xls,5004,8184,12496,532,788,259,0,0,782,12490,0,0,0,0,0,0,0,0,0,0,0,0,0,0,0,0,0,0,0,0,6,6
lynn_blair_000_1_1.pst.181.xls,9290,16168,15651,9400,8951,225,86,387,1209,7104,0,0,0,0,84,588,0,0,0,0,0,0,0,0,0,0,0,0,0,0,7572,7572
darrell_schoolcraft_000_1_1_1.pst.364.xls,9289,18326,19327,5915,3713,454,1,2,1869,16068,1413,2826,0,0,1,2,0,0,0,0,0,0,0,0,0,0,0,0,0,0,429,429
harry_arora_000_1_1.pst.121.xls,9417,15725,12597,26,17,127,0,0,12,9416,0,0,0,0,0,0,0,0,0,0,0,0,0,0,0,0,0,0,0,0,5,5
harry_arora_000_1_1.pst.123.xls,9417,15725,12597,26,17,127,0,0,12,9416,0,0,0,0,0,0,0,0,0,0,0,0,0,0,0,0,0,0,0,0,5,5
andy_zipper_000_1_1.pst.82.xls,3575,10206,9213,132,120,136,0,0,45,9082,0,0,2,4,48,102,0,0,0,0,0,0,0,0,0,0,0,0,0,0,25,25
benjamin_rogers_000_1_1.pst.204.xls,5909,12411,12678,4579,3573,302,0,0,847,9951,0,0,1,2,0,0,0,0,0,0,0,0,0,0,0,0,0,0,0,0,2725,2725
benjamin_rogers_001_1_1.pst.2.xls,5995,12634,12897,4673,3648,303,0,0,847,10095,0,0,1,2,0,0,0,0,0,0,0,0,0,0,0,0,0,0,0,0,2800,2800
benjamin_rogers_001_1_1.pst.27.xls,6041,12682,12945,4877,3857,306,0,0,921,10008,0,0,1,2,0,0,0,0,0,0,0,0,0,0,0,0,0,0,0,0,2935,2935
benjamin_rogers_001_1_1.pst.34.xls,6027,12674,12902,4902,3847,311,0,0,921,9975,0,0,1,2,0,0,0,0,0,0,0,0,0,0,0,0,0,0,0,0,2925,2925
benjamin_rogers_001_1_1.pst.5.xls,5996,12633,12895,4682,3652,304,0,0,844,10086,0,0,1,2,0,0,0,0,0,0,0,0,0,0,0,0,0,0,0,0,2807,2807
benjamin_rogers_001_1_1.pst.52.xls,5890,12442,12704,4547,3542,295,0,0,813,9974,0,0,1,2,0,0,0,0,0,0,0,0,0,0,0,0,0,0,0,0,2728,2728
sally_beck_000_1_1_1_1.pst.577.xls,59131,120301,124828,550,534,1619,0,0,370,124384,0,0,0,0,122,402,0,0,0,0,0,0,0,0,0,0,0,0,0,0,42,42
larry_campbell_000_1_1.pst.381.xls,3259,7875,6336,480,355,114,52,1130,238,5141,0,0,0,0,0,0,0,0,0,0,0,0,0,0,0,0,0,0,0,0,65,65
craig_dean_000_1_1.pst.28.xls,4921,6159,10067,501,530,148,0,0,502,9717,0,0,0,0,14,336,0,0,0,0,0,0,0,0,0,0,0,0,0,0,14,14
eric_saibi_000_1_1.pst.218.xls,6233,16409,13773,472,332,170,2,49,136,13519,0,0,0,0,1,12,0,0,0,0,0,0,0,0,0,0,0,0,0,0,193,193
jeffrey_a_shankman_000_1_2.pst.12.xls,6651,11865,11999,108,58,144,26,1295,28,5536,0,0,4,8,0,0,0,0,0,0,0,0,0,0,0,0,0,0,0,0,0,0
louise_kitchen_000_1_1_1_1.pst.212.xls,7615,13477,15014,6802,5845,228,0,0,741,6382,0,0,0,0,349,3874,0,0,0,0,0,0,0,0,0,0,0,0,0,0,4755,4755
louise_kitchen_001_1_1_1.pst.364.xls,5397,9547,10704,4838,4208,150,0,0,505,4538,0,0,0,0,233,2692,0,0,0,0,0,0,0,0,0,0,0,0,0,0,3470,3470
louise_kitchen_001_1_1_1.pst.374.xls,7226,12792,14129,6463,5562,197,0,0,704,6025,0,0,0,0,324,3563,0,0,0,0,0,0,0,0,0,0,0,0,0,0,4534,4534
errol_mclaughlin_jr_000_1_1.pst.134.xls,5514,9742,10963,588,423,237,145,1508,161,9338,0,0,0,0,0,0,0,0,0,0,0,0,0,0,0,0,0,0,0,0,117,117
larry_may_000_1_1.pst.309.xls,9073,18776,17606,355,224,219,2,78,80,17286,0,0,0,0,72,172,0,0,0,0,0,0,0,0,0,0,0,0,0,0,70,70
larry_may_000_1_1.pst.312.xls,9073,18776,17606,355,224,217,2,78,80,17286,0,0,0,0,72,172,0,0,0,0,0,0,0,0,0,0,0,0,0,0,70,70
matthew_lenhart_001_1_1.pst.103.xls,8531,20220,15609,1978,1393,256,1,30,1051,13772,0,0,0,0,246,1712,0,0,0,0,0,0,0,0,0,0,0,0,0,0,95,95
matthew_lenhart_001_1_1.pst.145.xls,7800,18412,14246,1929,1351,243,1,30,1001,12379,0,0,0,0,248,1736,0,0,0,0,0,0,0,0,0,0,0,0,0,0,101,101
matthew_lenhart_001_1_1.pst.147.xls,7800,18412,14246,1929,1351,242,1,30,1001,12379,0,0,0,0,248,1736,0,0,0,0,0,0,0,0,0,0,0,0,0,0,101,101
matthew_lenhart_001_1_1.pst.152.xls,7800,18412,14246,1929,1351,251,1,30,1001,12379,0,0,0,0,248,1736,0,0,0,0,0,0,0,0,0,0,0,0,0,0,101,101
matthew_lenhart_001_1_1.pst.154.xls,7800,18412,14246,1929,1351,240,1,30,1001,12379,0,0,0,0,248,1736,0,0,0,0,0,0,0,0,0,0,0,0,0,0,101,101
matthew_lenhart_001_1_1.pst.158.xls,7800,18412,14246,1929,1351,246,1,30,1001,12379,0,0,0,0,248,1736,0,0,0,0,0,0,0,0,0,0,0,0,0,0,101,101
matthew_lenhart_001_1_1.pst.164.xls,7800,18412,14246,1929,1351,239,1,30,1001,12379,0,0,0,0,248,1736,0,0,0,0,0,0,0,0,0,0,0,0,0,0,101,101
matthew_lenhart_001_1_1.pst.173.xls,7800,18412,14246,1929,1351,248,1,30,1001,12379,0,0,0,0,248,1736,0,0,0,0,0,0,0,0,0,0,0,0,0,0,101,101
matthew_lenhart_001_1_1.pst.96.xls,8531,20220,15609,1978,1393,254,1,30,1051,13772,0,0,0,0,246,1712,0,0,0,0,0,0,0,0,0,0,0,0,0,0,95,95
stacey_white_000_1_1.pst.230.xls,7800,18412,14246,1929,1351,240,1,30,1001,12379,0,0,0,0,248,1736,0,0,0,0,0,0,0,0,0,0,0,0,0,0,101,101
stacey_white_000_1_1.pst.249.xls,7800,18412,14246,1929,1351,237,1,30,1001,12379,0,0,0,0,248,1736,0,0,0,0,0,0,0,0,0,0,0,0,0,0,101,101
vkaminski_000_1_1_1.pst.317.xls,17496,34232,26778,609,305,381,0,0,165,18416,0,0,0,0,0,0,0,0,0,0,0,0,0,0,0,0,0,0,0,0,140,140
david_delainey_000_1_2.pst.137.xls,5959,13313,12963,6090,5010,357,2,38,882,8768,0,0,3,17,4,21,0,0,0,0,0,0,0,0,0,0,0,0,0,0,4119,4119
john_griffith_000_1_1.pst.1000.xls,11727,13532,18167,144,125,348,1,246,89,16395,0,0,0,0,6,1005,0,0,0,0,0,0,0,0,0,0,0,0,0,0,29,29
benjamin_rogers_000_1_1.pst.7.xls,2901,15648,14257,1926,1472,416,37,280,1071,13597,0,0,0,0,8,24,0,0,0,0,0,0,0,0,0,0,0,0,0,0,356,356
tracy_geaccone_000_1_1.pst.197.xls,9385,17144,16606,4567,5041,301,0,0,1200,12765,0,0,0,0,0,0,0,0,0,0,0,0,0,0,0,0,0,0,0,0,3841,3841
tracy_geaccone_000_1_1.pst.198.xls,9385,17144,16606,4567,5041,309,0,0,1200,12765,0,0,0,0,0,0,0,0,0,0,0,0,0,0,0,0,0,0,0,0,3841,3841
jay_reitmeyer_000_1_1.pst.197.xls,7656,15398,15311,185,179,295,0,0,178,15310,0,0,0,0,0,0,0,0,0,0,0,0,0,0,0,0,0,0,0,0,1,1
jay_reitmeyer_000_1_1.pst.201.xls,7568,15221,15135,185,179,291,0,0,178,15134,0,0,0,0,0,0,0,0,0,0,0,0,0,0,0,0,0,0,0,0,1,1
peter_keavey_000_1_1.pst.21.xls,21684,38898,34713,30,21,379,1,88,20,25991,0,0,0,0,0,0,0,0,0,0,0,0,0,0,0,0,0,0,0,0,0,0
joe_parks_000_1_1.pst.5.xls,4533,9230,10682,1012,873,149,2,6,325,7521,0,0,0,0,199,2804,0,0,0,0,0,0,0,0,0,0,0,0,0,0,347,347
joe_parks_000_1_1.pst.6.xls,5163,10526,12412,1104,946,175,2,6,365,8640,0,0,0,0,219,3402,0,0,0,0,0,0,0,0,0,0,0,0,0,0,360,360
benjamin_rogers_000_1_1.pst.104.xls,4453,22029,20593,2228,1732,611,61,683,1221,19444,0,0,0,0,8,24,0,0,0,0,0,0,0,0,0,0,0,0,0,0,442,442
lindy_donoho_000_1_1_1.pst.123.xls,4914,10645,11153,1738,1685,234,0,0,268,9680,0,0,0,0,1,2,0,0,0,0,0,0,0,0,0,0,0,0,0,0,1416,1416
tracy_geaccone_000_1_1.pst.428.xls,8278,16054,14966,6108,5474,285,0,0,1274,10766,0,0,0,0,0,0,0,0,0,0,0,0,0,0,0,0,0,0,0,0,4200,4200
benjamin_rogers_000_1_1.pst.105.xls,58574,193857,155352,366,565,2399,3,90,208,146194,0,0,0,0,313,9027,0,0,0,0,0,0,0,0,0,0,0,0,0,0,41,41
benjamin_rogers_000_1_1.pst.11.xls,54254,175497,141312,366,565,2293,3,90,208,132154,0,0,0,0,313,9027,0,0,0,0,0,0,0,0,0,0,0,0,0,0,41,41
benjamin_rogers_000_1_1.pst.18.xls,55118,179169,144120,366,565,2178,3,90,208,134962,0,0,0,0,313,9027,0,0,0,0,0,0,0,0,0,0,0,0,0,0,41,41
jim_schwieger_000_1_1.pst.105.xls,6422,12659,10120,5001,3585,397,1,23,1320,6959,0,0,0,0,759,1633,0,0,0,0,0,0,0,0,0,0,0,0,0,0,1505,1505
david_delainey_000_1_2.pst.134.xls,5256,18520,15294,536,445,310,0,0,231,15022,0,0,0,0,13,71,0,0,0,0,0,0,0,0,0,0,0,0,0,0,201,201
robin_rodrigue_000_1_1.pst.199.xls,9674,28064,18855,446,348,180,1,61,15,18385,0,0,0,0,5,70,0,0,0,0,0,0,0,0,0,0,0,0,0,0,327,327
tori_kuykendall_000_1_1_1.pst.12.xls,31538,43493,50425,13414,8646,2135,0,0,4872,33356,0,0,0,0,3710,15781,0,0,0,0,0,0,0,0,0,0,0,0,0,0,64,64
chris_germany_000_1_2.pst.1044.xls,27267,27970,50261,12897,22206,1417,0,0,21403,49458,0,0,0,0,0,0,0,0,0,0,0,0,0,0,0,0,0,0,0,0,803,803
chris_germany_000_1_2.pst.1046.xls,27280,27970,50305,12921,22234,1443,0,0,21419,49490,0,0,0,0,0,0,0,0,0,0,0,0,0,0,0,0,0,0,0,0,815,815
chris_germany_000_1_2.pst.1047.xls,27347,28034,50427,12927,22237,1416,0,0,21419,49609,0,0,0,0,0,0,0,0,0,0,0,0,0,0,0,0,0,0,0,0,818,818
chris_germany_000_1_2.pst.1057.xls,27347,28034,50435,12927,22241,1453,0,0,21423,49617,0,0,0,0,0,0,0,0,0,0,0,0,0,0,0,0,0,0,0,0,818,818
chris_germany_000_1_2.pst.1059.xls,27347,28034,50435,12927,22241,1438,0,0,21423,49617,0,0,0,0,0,0,0,0,0,0,0,0,0,0,0,0,0,0,0,0,818,818
chris_germany_000_1_2.pst.1062.xls,27429,28310,52692,13008,22724,1584,0,0,21898,51866,0,0,0,0,0,0,0,0,0,0,0,0,0,0,0,0,0,0,0,0,826,826
chris_germany_000_1_2.pst.1063.xls,27424,28310,52692,13008,22724,1596,0,0,21898,51866,0,0,0,0,0,0,0,0,0,0,0,0,0,0,0,0,0,0,0,0,826,826
chris_germany_000_1_2.pst.1075.xls,27400,28310,52661,13024,22713,1592,0,0,21878,51826,0,0,0,0,0,0,0,0,0,0,0,0,0,0,0,0,0,0,0,0,835,835
daren_farmer_001_1_1.pst.895.xls,5686,11769,10860,1036,722,175,65,1308,448,9338,0,0,0,0,5,10,0,0,0,0,0,0,0,0,0,0,0,0,0,0,204,204
phillip_m_love_000_1_1.pst.677.xls,4121,16182,15792,164,129,464,3,6,98,15732,0,0,0,0,20,46,0,0,0,0,0,0,0,0,0,0,0,0,0,0,8,8
daren_farmer_000_1_1.pst.1131.xls,8232,17657,16960,1522,1076,302,62,1479,696,15162,0,0,0,0,1,2,0,0,0,0,0,0,0,0,0,0,0,0,0,0,317,317
daren_farmer_000_1_1.pst.1145.xls,8230,17654,16951,1526,1079,298,62,1479,699,15153,0,0,0,0,1,2,0,0,0,0,0,0,0,0,0,0,0,0,0,0,317,317
chris_dorland_000_1_1_1.pst.59.xls,3902,15951,29617,3034,2001,1248,850,2889,470,13947,0,0,0,0,569,12669,0,0,0,0,0,0,0,0,0,0,0,0,0,0,112,112
fletcher_sturm_000_1_1.pst.44.xls,4947,20065,37344,3878,2544,1577,1130,3816,583,17450,0,0,0,0,691,15938,0,0,0,0,0,0,0,0,0,0,0,0,0,0,140,140
barry_tycholiz_000_1_1.pst.77.xls,15775,48736,62328,100,88,978,1,2,59,52356,0,0,0,0,14,9956,0,0,0,0,0,0,0,0,0,0,0,0,0,0,14,14
benjamin_rogers_000_1_1.pst.25.xls,2230,4201,11643,126,108,280,31,713,43,6010,0,0,0,0,34,4920,0,0,0,0,0,0,0,0,0,0,0,0,0,0,0,0
benjamin_rogers_000_1_1.pst.42.xls,2230,4201,11643,126,108,280,31,713,43,6010,0,0,0,0,34,4920,0,0,0,0,0,0,0,0,0,0,0,0,0,0,0,0
larry_may_000_1_1.pst.114.xls,6348,11919,17978,541,818,380,14,337,576,14310,0,0,0,0,194,3289,0,0,0,0,0,0,0,0,0,0,0,0,0,0,34,34
gstorey_000_1_1.pst.108.xls,7991,29415,31571,450,309,1344,0,0,240,31474,0,0,0,0,7,35,0,0,0,0,0,0,0,0,0,0,0,0,0,0,62,62
chris_germany_000_1_2.pst.1172.xls,8262,11861,13823,11116,8984,249,2,55,2595,5888,0,0,0,0,985,2478,0,0,0,0,0,0,0,0,0,0,0,0,0,0,5402,5402
joe_parks_000_1_1.pst.120.xls,7924,12106,15671,450,271,266,0,0,263,11922,0,0,0,0,0,0,0,0,0,0,0,0,0,0,0,0,0,0,0,0,8,8
joe_parks_000_1_1.pst.119.xls,15270,26713,30363,363,269,500,0,0,267,22617,0,0,0,0,0,0,0,0,0,0,0,0,0,0,0,0,0,0,0,0,2,2
joe_parks_000_1_1.pst.121.xls,11930,20031,23682,368,274,484,0,0,268,19848,0,0,0,0,0,0,0,0,0,0,0,0,0,0,0,0,0,0,0,0,6,6
john_arnold_000_1_2.pst.354.xls,6554,14785,14652,150,128,163,0,0,111,14547,0,0,0,0,1,89,0,0,0,0,0,0,0,0,0,0,0,0,0,0,16,16
kevin_presto_000_1_1.pst.17.xls,7220,12670,13114,163,130,208,0,0,95,12883,0,0,0,0,3,199,0,0,0,0,0,0,0,0,0,0,0,0,0,0,32,32
john_arnold_000_1_2.pst.108.xls,12363,13929,41750,579,425,967,61,122,143,24223,0,0,0,0,191,17375,0,0,0,0,0,0,0,0,0,0,0,0,0,0,30,30
drew_fossum_000_1_1.pst.224.xls,2600,2652,9113,208,234,128,26,1274,26,1300,0,0,0,0,130,6032,0,0,0,0,0,0,0,0,0,0,0,0,0,0,52,52
gerald_nemec_000_1_1.pst.126.xls,2400,2448,8412,192,216,119,24,1176,24,1200,0,0,0,0,120,5568,0,0,0,0,0,0,0,0,0,0,0,0,0,0,48,48
jonathan_mckay_000_1_1.pst.113.xls,26753,64657,45578,139,73,345,4,469,54,45094,0,0,0,0,0,0,0,0,0,0,0,0,0,0,0,0,0,0,0,0,15,15
john_arnold_000_1_2.pst.327.xls,12375,13951,41792,590,432,968,61,122,145,24251,0,0,0,0,192,17385,0,0,0,0,0,0,0,0,0,0,0,0,0,0,34,34
errol_mclaughlin_jr_000_1_1.pst.71.xls,10490,20694,18397,3558,2946,356,1,3,1923,15271,0,0,0,0,275,2376,0,0,0,0,0,0,0,0,0,0,0,0,0,0,747,747
monika_causholli_000_1_1.pst.60.xls,5186,6403,14567,81,82,241,0,0,48,9399,0,0,0,0,21,4222,0,0,0,0,0,0,0,0,0,0,0,0,0,0,13,13
david_delainey_000_1_2.pst.135.xls,5499,18889,15784,815,693,304,7,14,333,15313,0,0,0,0,13,117,0,0,0,0,0,0,0,0,0,0,0,0,0,0,340,340
lindy_donoho_000_1_1_1.pst.10.xls,10377,20515,19625,1926,1726,419,0,0,719,18618,0,0,0,0,0,0,0,0,0,0,0,0,0,0,0,0,0,0,0,0,1007,1007
lindy_donoho_000_1_1_1.pst.11.xls,10368,20497,19554,2048,1783,419,0,0,776,18547,0,0,0,0,0,0,0,0,0,0,0,0,0,0,0,0,0,0,0,0,1007,1007
lindy_donoho_000_1_1_1.pst.13.xls,10387,20518,19574,2053,1787,421,0,0,778,18565,0,0,0,0,0,0,0,0,0,0,0,0,0,0,0,0,0,0,0,0,1009,1009
lindy_donoho_000_1_1_1.pst.142.xls,10262,20258,19328,2017,1756,407,0,0,749,18321,0,0,0,0,0,0,0,0,0,0,0,0,0,0,0,0,0,0,0,0,1007,1007
lindy_donoho_000_1_1_1.pst.15.xls,10262,20258,19328,2017,1756,424,0,0,749,18321,0,0,0,0,0,0,0,0,0,0,0,0,0,0,0,0,0,0,0,0,1007,1007
lindy_donoho_000_1_1_1.pst.17.xls,10387,20518,19574,2053,1787,423,0,0,778,18565,0,0,0,0,0,0,0,0,0,0,0,0,0,0,0,0,0,0,0,0,1009,1009
michelle_lokay_000_1_2_1.pst.24.xls,4444,6445,7805,583,427,102,15,446,233,6368,0,0,0,0,14,28,0,0,0,0,0,0,0,0,0,0,0,0,0,0,165,165
jane_tholt_000_1_1.pst.16.xls,4642,7346,9913,2721,2058,294,2,4,1157,7031,0,0,0,0,684,2662,0,0,0,0,0,0,0,0,0,0,0,0,0,0,215,215
jane_tholt_000_1_1.pst.18.xls,4646,7350,9916,2721,2059,293,2,4,1159,7035,0,0,0,0,684,2662,0,0,0,0,0,0,0,0,0,0,0,0,0,0,214,214
jane_tholt_000_1_1.pst.19.xls,4646,7350,9916,2721,2059,307,2,4,1159,7035,0,0,0,0,684,2662,0,0,0,0,0,0,0,0,0,0,0,0,0,0,214,214
robin_rodrigue_000_1_1.pst.53.xls,7003,11335,10609,2559,2102,195,46,846,721,6441,0,0,1,31,35,766,0,0,0,0,0,0,0,0,0,0,0,0,0,0,1299,1299
kevin_hyatt_000_1_1.pst.120.xls,4905,6986,8583,614,457,113,15,448,254,7010,0,0,0,0,15,30,0,0,0,0,0,0,0,0,0,0,0,0,0,0,173,173
michelle_lokay_000_1_2_1.pst.368.xls,4898,6965,8569,614,456,113,15,448,254,6996,0,0,0,0,16,32,0,0,0,0,0,0,0,0,0,0,0,0,0,0,171,171
kevin_presto_000_1_1.pst.473.xls,26276,44639,36692,56,38,300,0,0,21,34206,0,0,0,0,17,2486,0,0,0,0,0,0,0,0,0,0,0,0,0,0,0,0
vkaminski_000_1_1_1.pst.24.xls,6067,11413,16230,78,51,259,0,0,47,10685,0,0,0,0,3,504,0,0,0,0,0,0,0,0,0,0,0,0,0,0,1,1
chris_germany_000_1_1_1.pst.109.xls,6901,7241,13851,4432,8174,339,0,0,5377,10987,0,0,0,0,65,132,0,0,0,0,0,0,0,0,0,0,0,0,0,0,2732,2732
chris_germany_000_1_1_1.pst.84.xls,6942,7241,13893,4363,8174,341,0,0,5410,11062,0,0,0,0,65,132,0,0,0,0,0,0,0,0,0,0,0,0,0,0,2699,2699
chris_germany_000_1_1_1.pst.96.xls,6912,7241,13862,4413,8175,340,0,0,5383,11003,0,0,0,0,65,132,0,0,0,0,0,0,0,0,0,0,0,0,0,0,2727,2727
chris_germany_000_1_1_1.pst.99.xls,6910,7241,13860,4417,8175,341,0,0,5382,11000,0,0,0,0,65,132,0,0,0,0,0,0,0,0,0,0,0,0,0,0,2728,2728
teb_lokey_000_1_1.pst.20.xls,7297,12892,15338,1167,952,291,78,192,756,14919,0,0,0,0,12,121,0,0,0,0,0,0,0,0,0,0,0,0,0,0,106,106
chris_germany_000_1_1_1.pst.125.xls,6925,7569,13888,4823,8226,368,0,0,5376,10974,0,0,0,0,62,126,0,0,0,0,0,0,0,0,0,0,0,0,0,0,2788,2788
bill_williams_iii_000_1_1.pst.68.xls,33198,50550,73190,5669,5899,1333,62,1488,2680,58446,0,0,0,0,615,10714,0,0,0,0,0,0,0,0,0,0,0,0,0,0,2542,2542
jonathan_mckay_000_1_1.pst.11.xls,15342,35859,36099,547,347,677,15,59,268,35965,0,0,0,0,7,18,0,0,0,0,0,0,0,0,0,0,0,0,0,0,57,57
jonathan_mckay_000_1_1.pst.12.xls,15342,35859,36099,547,347,710,16,61,267,35963,0,0,0,0,7,18,0,0,0,0,0,0,0,0,0,0,0,0,0,0,57,57
jonathan_mckay_000_1_1.pst.13.xls,15346,35859,36103,546,346,683,16,61,267,35968,0,0,0,0,7,18,0,0,0,0,0,0,0,0,0,0,0,0,0,0,56,56
jonathan_mckay_000_1_1.pst.14.xls,15339,35859,36096,544,345,680,16,61,266,35961,0,0,0,0,7,18,0,0,0,0,0,0,0,0,0,0,0,0,0,0,56,56
jonathan_mckay_000_1_1.pst.15.xls,15329,35849,36086,542,344,683,16,61,265,35951,0,0,0,0,7,18,0,0,0,0,0,0,0,0,0,0,0,0,0,0,56,56
stacey_white_000_1_1.pst.382.xls,8803,14196,12394,4060,3233,247,69,2070,663,7142,0,0,0,0,121,768,0,0,0,0,0,0,0,0,0,0,0,0,0,0,2380,2380
tracy_geaccone_000_1_1.pst.238.xls,10696,16614,16321,4367,3316,403,4,47,2495,15039,0,0,0,0,0,0,0,0,0,0,0,0,0,0,0,0,0,0,0,0,817,817
tracy_geaccone_000_1_1.pst.266.xls,10633,16494,16229,4340,3305,418,4,47,2479,14942,0,0,0,0,0,0,0,0,0,0,0,0,0,0,0,0,0,0,0,0,822,822
rick_buy_000_1_2_1.pst.28.xls,6835,15698,17295,344,268,209,59,173,201,17057,1,58,0,0,0,0,0,0,0,0,0,0,0,0,0,0,0,0,0,0,7,7
frank_ermis_000_1_1.pst.180.xls,9841,37159,28095,542,304,244,1,152,101,27590,0,0,0,0,2,153,0,0,0,0,0,0,0,0,0,0,0,0,0,0,200,200
john_lavorato_001_1_1_1.pst.86.xls,9620,27730,18740,225,124,120,1,152,35,18349,0,0,0,0,2,153,0,0,0,0,0,0,0,0,0,0,0,0,0,0,86,86
mike_grigsby_000_1_1_1.pst.133.xls,9620,27730,18740,225,124,122,1,152,35,18349,0,0,0,0,2,153,0,0,0,0,0,0,0,0,0,0,0,0,0,0,86,86
mike_grigsby_000_1_1_1.pst.146.xls,9621,27730,18740,225,124,120,1,152,35,18349,0,0,0,0,2,153,0,0,0,0,0,0,0,0,0,0,0,0,0,0,86,86
mike_grigsby_000_1_1_1.pst.147.xls,9621,27730,18740,225,124,121,1,152,35,18349,0,0,0,0,2,153,0,0,0,0,0,0,0,0,0,0,0,0,0,0,86,86
mike_grigsby_000_1_1_1.pst.188.xls,9838,37159,28095,542,304,254,1,152,101,27590,0,0,0,0,2,153,0,0,0,0,0,0,0,0,0,0,0,0,0,0,200,200
mike_grigsby_000_1_1_1.pst.189.xls,9841,37159,28095,542,304,244,1,152,101,27590,0,0,0,0,2,153,0,0,0,0,0,0,0,0,0,0,0,0,0,0,200,200
mike_grigsby_000_1_1_1.pst.247.xls,9536,27613,18635,70,40,120,1,152,14,18307,0,0,0,0,2,153,0,0,0,0,0,0,0,0,0,0,0,0,0,0,23,23
mike_grigsby_000_1_1_1.pst.248.xls,9536,27613,18635,70,40,128,1,152,14,18307,0,0,0,0,2,153,0,0,0,0,0,0,0,0,0,0,0,0,0,0,23,23
mike_grigsby_000_1_1_1.pst.250.xls,9620,27730,18740,225,124,170,1,152,35,18349,0,0,0,0,2,153,0,0,0,0,0,0,0,0,0,0,0,0,0,0,86,86
mike_grigsby_000_1_1_1.pst.251.xls,9620,27730,18740,225,124,124,1,152,35,18349,0,0,0,0,2,153,0,0,0,0,0,0,0,0,0,0,0,0,0,0,86,86
mike_grigsby_000_1_1_1.pst.255.xls,9620,27730,18740,225,124,120,1,152,35,18349,0,0,0,0,2,153,0,0,0,0,0,0,0,0,0,0,0,0,0,0,86,86
mike_grigsby_000_1_1_1.pst.256.xls,9620,27730,18740,225,124,127,1,152,35,18349,0,0,0,0,2,153,0,0,0,0,0,0,0,0,0,0,0,0,0,0,86,86
mike_grigsby_000_1_1_1.pst.260.xls,9620,27730,18740,225,124,122,1,152,35,18349,0,0,0,0,2,153,0,0,0,0,0,0,0,0,0,0,0,0,0,0,86,86
mike_grigsby_000_1_1_1.pst.261.xls,9620,27730,18740,225,124,122,1,152,35,18349,0,0,0,0,2,153,0,0,0,0,0,0,0,0,0,0,0,0,0,0,86,86
joe_parks_000_1_1.pst.296.xls,7077,12470,13817,40,42,183,1,336,40,13480,0,0,0,0,0,0,0,0,0,0,0,0,0,0,0,0,0,0,0,0,1,1
darrell_schoolcraft_000_1_1_1.pst.219.xls,7225,10290,12635,949,710,164,22,652,375,10303,0,0,0,0,21,42,0,0,0,0,0,0,0,0,0,0,0,0,0,0,292,292
darrell_schoolcraft_000_1_1_1.pst.428.xls,7550,10747,13208,974,732,241,23,682,391,10778,0,0,0,0,22,44,0,0,0,0,0,0,0,0,0,0,0,0,0,0,296,296
darrell_schoolcraft_000_1_1_1.pst.700.xls,7543,10735,13199,969,727,180,23,682,391,10774,0,0,0,0,22,44,0,0,0,0,0,0,0,0,0,0,0,0,0,0,291,291
lynn_blair_000_1_1.pst.12.xls,7542,10736,13196,973,728,179,23,682,391,10770,0,0,0,0,22,44,0,0,0,0,0,0,0,0,0,0,0,0,0,0,292,292
paul_y'barbo_000_1_1.pst.127.xls,7543,10735,13199,969,727,180,23,682,391,10774,0,0,0,0,22,44,0,0,0,0,0,0,0,0,0,0,0,0,0,0,291,291
dutch_quigley_000_1_1.pst.212.xls,6210,11195,12743,362,246,215,11,454,127,11492,0,0,0,0,24,617,0,0,0,0,0,0,0,0,0,0,0,0,0,0,84,84
dutch_quigley_000_1_1.pst.211.xls,6241,11185,12774,356,243,316,12,489,127,11492,0,0,0,0,24,617,0,0,0,0,0,0,0,0,0,0,0,0,0,0,80,80
dutch_quigley_000_1_1.pst.210.xls,6009,10947,12541,352,241,220,12,489,128,11263,0,0,0,0,23,615,0,0,0,0,0,0,0,0,0,0,0,0,0,0,78,78
mike_swerzbin_000_1_1.pst.4.xls,26378,52391,26378,710,355,351,1,366,3,25661,0,0,0,0,0,0,0,0,0,0,0,0,0,0,0,0,0,0,0,0,351,351
stacey_white_000_1_1.pst.228.xls,16574,56879,45583,77,55,694,0,0,42,44842,0,0,0,0,8,736,0,0,0,0,0,0,0,0,0,0,0,0,0,0,5,5
errol_mclaughlin_jr_000_1_1.pst.23.xls,11325,19941,20643,145,137,246,2,226,118,20400,0,0,0,0,0,0,0,0,0,0,0,0,0,0,0,0,0,0,0,0,17,17
errol_mclaughlin_jr_000_1_1.pst.24.xls,11325,19941,20643,145,137,212,2,226,118,20400,0,0,0,0,0,0,0,0,0,0,0,0,0,0,0,0,0,0,0,0,17,17
benjamin_rogers_000_1_1.pst.57.xls,22562,50574,61967,418,452,859,2,593,399,60734,0,0,0,0,5,594,0,0,0,0,0,0,0,0,0,0,0,0,0,0,46,46
vkaminski_002_1_1_1.pst.276.xls,15555,32505,37711,218,215,549,7,650,180,36438,0,0,0,0,6,601,0,0,0,0,0,0,0,0,0,0,0,0,0,0,22,22
harry_arora_000_1_1.pst.12.xls,19761,39683,47160,256,254,737,7,652,217,45879,0,0,0,0,7,606,0,0,0,0,0,0,0,0,0,0,0,0,0,0,23,23
harry_arora_000_1_1.pst.14.xls,19761,39683,47160,256,254,747,7,652,217,45879,0,0,0,0,7,606,0,0,0,0,0,0,0,0,0,0,0,0,0,0,23,23
benjamin_rogers_000_1_1.pst.45.xls,5623,27015,62584,1223,1750,2592,17,34,1603,61869,0,0,0,0,30,407,0,0,0,0,0,0,0,0,0,0,0,0,0,0,100,100
jeff_dasovich_000_1_1_1.pst.117.xls,4426,7760,8345,214,248,127,0,0,113,6790,0,0,0,0,116,1536,0,0,0,0,0,0,0,0,0,0,0,0,0,0,19,19
tracy_geaccone_000_1_1.pst.306.xls,22259,34326,46833,14479,15429,1186,85,170,9602,35627,0,0,0,0,1930,7224,0,0,0,0,0,0,0,0,0,0,0,0,0,0,3812,3812
tracy_geaccone_000_1_1.pst.307.xls,25667,40496,54364,17044,17937,1355,100,200,10613,41082,0,0,0,0,2225,8083,0,0,0,0,0,0,0,0,0,0,0,0,0,0,4999,4999
tracy_geaccone_000_1_1.pst.308.xls,25544,40297,54092,16886,17808,1352,93,186,10585,40915,0,0,0,0,2224,8085,0,0,0,0,0,0,0,0,0,0,0,0,0,0,4906,4906
mary_fischer_000_1_1.pst.140.xls,6119,10177,10408,828,860,185,10,20,733,10128,0,0,0,0,34,171,0,0,0,0,0,0,0,0,0,0,0,0,0,0,83,83
dan_hyvl_000_1_1.pst.112.xls,5492,8526,12923,183,166,201,2,12,122,12394,0,0,0,0,2,240,0,0,0,0,0,0,0,0,0,0,0,0,0,0,40,40
tracy_geaccone_000_1_1.pst.417.xls,11973,19545,25054,5380,4702,656,28,57,3275,20190,1,2,51,103,877,4211,0,0,0,0,0,0,0,0,0,0,0,0,0,0,470,470
vkaminski_000_1_1_1.pst.23.xls,14403,39999,29420,2368,1647,648,2,24,1230,27012,0,0,0,0,302,1520,0,0,0,0,0,0,0,0,0,0,0,0,0,0,113,113
phillip_m_love_000_1_1.pst.672.xls,19081,27212,53721,1377,1130,1731,8,84,511,36345,0,0,0,0,167,16845,0,0,0,0,0,0,0,0,0,0,0,0,0,0,444,444
john_griffith_000_1_1.pst.26.xls,5269,5904,22869,135,131,493,1,175,34,5798,0,0,0,0,96,16896,0,0,0,0,0,0,0,0,0,0,0,0,0,0,0,0
vkaminski_000_1_1_1.pst.258.xls,25452,49551,49767,825,433,904,122,628,152,24927,0,0,0,0,137,23812,0,0,0,0,0,0,0,0,0,0,0,0,0,0,22,22
benjamin_rogers_000_1_1.pst.142.xls,6771,10473,11412,2058,1446,247,167,674,977,9645,0,0,0,0,111,895,0,0,0,0,0,0,0,0,0,0,0,0,0,0,191,191
benjamin_rogers_000_1_1.pst.143.xls,6563,10042,10796,1867,1326,231,146,624,903,9209,0,0,0,0,100,779,0,0,0,0,0,0,0,0,0,0,0,0,0,0,177,177
benjamin_rogers_000_1_1.pst.154.xls,6563,10042,10796,1867,1326,230,146,624,903,9209,0,0,0,0,100,779,0,0,0,0,0,0,0,0,0,0,0,0,0,0,177,177
benjamin_rogers_000_1_1.pst.157.xls,6563,10042,10796,1867,1326,229,146,624,903,9209,0,0,0,0,100,779,0,0,0,0,0,0,0,0,0,0,0,0,0,0,177,177
benjamin_rogers_001_1_1.pst.152.xls,6563,10042,10796,1867,1326,225,146,624,903,9209,0,0,0,0,100,779,0,0,0,0,0,0,0,0,0,0,0,0,0,0,177,177
phillip_allen_000_1_1.pst.302.xls,13291,14418,42611,233,494,844,1,27,339,29341,0,0,0,0,149,13238,0,0,0,0,0,0,0,0,0,0,0,0,0,0,5,5
andy_zipper_000_1_1.pst.111.xls,2630,7446,7544,16,14,102,0,0,12,6452,0,0,0,0,2,1092,0,0,0,0,0,0,0,0,0,0,0,0,0,0,0,0
benjamin_rogers_000_1_1.pst.170.xls,20470,27249,31477,6140,4705,778,369,2275,2450,23164,0,0,0,0,1379,5531,0,0,0,0,0,0,0,0,0,0,0,0,0,0,507,507
chris_germany_000_1_2.pst.208.xls,25451,47812,66124,11831,8150,2148,202,2017,6513,55521,0,0,0,0,258,7380,0,0,0,0,0,0,0,0,0,0,0,0,0,0,1177,1177
daren_farmer_000_1_1.pst.100.xls,6327,11757,23129,1963,1644,781,25,545,1301,20849,0,0,0,0,47,1457,0,0,0,0,0,0,0,0,0,0,0,0,0,0,271,271
daren_farmer_000_1_1.pst.101.xls,7837,14181,26511,2535,2072,857,29,604,1654,23634,0,0,0,0,63,1937,0,0,0,0,0,0,0,0,0,0,0,0,0,0,326,326
daren_farmer_000_1_1.pst.102.xls,9370,16604,29916,3062,2478,964,33,664,1989,26445,0,0,0,0,79,2417,0,0,0,0,0,0,0,0,0,0,0,0,0,0,377,377
daren_farmer_000_1_1.pst.103.xls,9374,16612,29920,3070,2482,952,33,664,1989,26445,0,0,0,0,79,2417,0,0,0,0,0,0,0,0,0,0,0,0,0,0,381,381
daren_farmer_000_1_1.pst.104.xls,10520,19076,32949,4020,3068,1060,39,838,2467,28763,0,0,0,0,127,2897,0,0,0,0,0,0,0,0,0,0,0,0,0,0,435,435
daren_farmer_000_1_1.pst.110.xls,6337,11756,23137,1932,1630,791,25,545,1290,20860,0,0,0,0,47,1457,0,0,0,0,0,0,0,0,0,0,0,0,0,0,268,268
daren_farmer_000_1_1.pst.1427.xls,4919,9325,19789,1431,1245,684,17,474,992,18145,0,0,0,0,31,961,0,0,0,0,0,0,0,0,0,0,0,0,0,0,205,205
daren_farmer_000_1_1.pst.1499.xls,6326,11756,23126,1959,1641,782,25,545,1301,20849,0,0,0,0,47,1457,0,0,0,0,0,0,0,0,0,0,0,0,0,0,268,268
daren_farmer_000_1_1.pst.284.xls,10522,19080,32951,4024,3070,1055,39,838,2467,28763,0,0,0,0,127,2897,0,0,0,0,0,0,0,0,0,0,0,0,0,0,437,437
daren_farmer_000_1_1.pst.384.xls,10523,19082,32952,4026,3071,1070,39,838,2467,28763,0,0,0,0,127,2897,0,0,0,0,0,0,0,0,0,0,0,0,0,0,438,438
daren_farmer_000_1_1.pst.387.xls,12398,22817,37050,4960,3653,1206,53,919,2961,32191,0,0,0,0,127,3409,0,0,0,0,0,0,0,0,0,0,0,0,0,0,512,512
daren_farmer_000_1_1.pst.388.xls,19073,35741,51945,8462,5994,1650,107,1321,4844,44357,0,0,0,0,192,5392,0,0,0,0,0,0,0,0,0,0,0,0,0,0,851,851
joe_parks_000_1_1.pst.211.xls,22067,41307,58870,10091,7017,1894,130,1552,5656,49900,0,0,0,0,224,6384,0,0,0,0,0,0,0,0,0,0,0,0,0,0,1007,1007
joe_parks_000_1_1.pst.213.xls,23583,44125,62356,10931,7546,2019,146,1660,6066,52694,0,0,0,0,240,6880,0,0,0,0,0,0,0,0,0,0,0,0,0,0,1094,1094
joe_parks_000_1_1.pst.218.xls,23759,44551,62496,10931,7576,2030,164,1798,6081,52698,0,0,0,0,241,6882,0,0,0,0,0,0,0,0,0,0,0,0,0,0,1090,1090
joe_parks_000_1_1.pst.227.xls,25451,47812,66124,11831,8150,2114,202,2017,6513,55521,0,0,0,0,258,7380,0,0,0,0,0,0,0,0,0,0,0,0,0,0,1177,1177
andy_zipper_000_1_1.pst.166.xls,2834,8058,8207,16,14,120,0,0,12,7013,0,0,0,0,2,1194,0,0,0,0,0,0,0,0,0,0,0,0,0,0,0,0
daren_farmer_001_1_1.pst.1195.xls,11286,16825,21988,410,314,317,33,1832,262,20136,0,0,0,0,1,2,0,0,0,0,0,0,0,0,0,0,0,0,0,0,18,18
vkaminski_000_1_1_1.pst.229.xls,11770,18912,18066,326,217,275,27,4816,121,11298,0,0,0,0,40,1614,0,0,0,0,0,0,0,0,0,0,0,0,0,0,29,29
andy_zipper_000_1_1.pst.167.xls,3002,8562,8753,16,14,126,0,0,12,7475,0,0,0,0,2,1278,0,0,0,0,0,0,0,0,0,0,0,0,0,0,0,0
john_lavorato_001_1_1_1.pst.82.xls,15300,21464,30447,4707,4805,1134,137,5981,1100,16898,0,0,0,0,3366,6732,0,0,0,0,0,0,0,0,0,0,0,0,0,0,202,202
louise_kitchen_000_1_1_1_1.pst.0.xls,15390,21466,31066,4709,4965,1144,137,5984,1259,17513,0,0,0,0,3366,6732,0,0,0,0,0,0,0,0,0,0,0,0,0,0,203,203
louise_kitchen_000_1_1_1_1.pst.1.xls,15388,21464,30859,4707,4911,1150,137,5983,1206,17308,0,0,0,0,3366,6732,0,0,0,0,0,0,0,0,0,0,0,0,0,0,202,202
louise_kitchen_000_1_1_1_1.pst.237.xls,14447,20219,30459,4453,4992,1205,128,5585,1508,17722,0,0,0,0,3162,6324,0,0,0,0,0,0,0,0,0,0,0,0,0,0,194,194
louise_kitchen_000_1_1_1_1.pst.238.xls,15388,21471,33536,4730,5609,1312,138,5987,1895,19973,0,0,0,0,3366,6732,0,0,0,0,0,0,0,0,0,0,0,0,0,0,210,210
louise_kitchen_000_1_1_1_1.pst.242.xls,15283,21471,32919,4768,5494,1298,136,5989,1785,19357,0,0,0,0,3366,6732,0,0,0,0,0,0,0,0,0,0,0,0,0,0,207,207
louise_kitchen_000_1_1_1_1.pst.244.xls,15391,21465,31887,4711,5177,1205,136,5984,1471,18333,0,0,0,0,3366,6732,0,0,0,0,0,0,0,0,0,0,0,0,0,0,204,204
louise_kitchen_000_1_1_1_1.pst.245.xls,15391,21465,31887,4711,5177,1212,136,5984,1471,18333,0,0,0,0,3366,6732,0,0,0,0,0,0,0,0,0,0,0,0,0,0,204,204
louise_kitchen_000_1_1_1_1.pst.246.xls,15389,21465,31065,4709,4965,1166,137,5983,1259,17513,0,0,0,0,3366,6732,0,0,0,0,0,0,0,0,0,0,0,0,0,0,203,203
louise_kitchen_000_1_1_1_1.pst.247.xls,15389,21465,31065,4709,4965,1170,137,5983,1259,17513,0,0,0,0,3366,6732,0,0,0,0,0,0,0,0,0,0,0,0,0,0,203,203
louise_kitchen_000_1_1_1_1.pst.249.xls,15393,21468,31068,4709,4965,1162,137,5986,1259,17513,0,0,0,0,3366,6732,0,0,0,0,0,0,0,0,0,0,0,0,0,0,203,203
louise_kitchen_000_1_1_1_1.pst.252.xls,15389,21465,31065,4709,4965,1148,137,5983,1259,17513,0,0,0,0,3366,6732,0,0,0,0,0,0,0,0,0,0,0,0,0,0,203,203
louise_kitchen_000_1_1_1_1.pst.254.xls,15405,21464,30859,4707,4911,1182,137,5983,1206,17308,0,0,0,0,3366,6732,0,0,0,0,0,0,0,0,0,0,0,0,0,0,202,202
louise_kitchen_000_1_1_1_1.pst.255.xls,15405,21464,30859,4707,4911,1173,137,5983,1206,17308,0,0,0,0,3366,6732,0,0,0,0,0,0,0,0,0,0,0,0,0,0,202,202
louise_kitchen_000_1_1_1_1.pst.257.xls,15405,21464,30859,4707,4911,1162,137,5983,1206,17308,0,0,0,0,3366,6732,0,0,0,0,0,0,0,0,0,0,0,0,0,0,202,202
louise_kitchen_000_1_1_1_1.pst.258.xls,15300,21464,30447,4707,4805,1119,137,5981,1100,16898,0,0,0,0,3366,6732,0,0,0,0,0,0,0,0,0,0,0,0,0,0,202,202
louise_kitchen_000_1_1_1_1.pst.259.xls,15303,21470,30453,4709,4807,1118,137,5981,1102,16904,0,0,0,0,3366,6732,0,0,0,0,0,0,0,0,0,0,0,0,0,0,202,202
rick_buy_000_1_1_1_1.pst.170.xls,15303,21470,30453,4709,4807,1123,137,5981,1102,16904,0,0,0,0,3366,6732,0,0,0,0,0,0,0,0,0,0,0,0,0,0,202,202
benjamin_rogers_000_1_1.pst.37.xls,17801,35781,33580,376,229,429,35,11635,148,21689,1,42,2,84,39,126,0,0,0,0,0,0,0,0,0,0,0,0,0,0,4,4
andy_zipper_000_1_1.pst.168.xls,3142,8982,9208,16,14,134,0,0,12,7860,0,0,0,0,2,1348,0,0,0,0,0,0,0,0,0,0,0,0,0,0,0,0
andy_zipper_000_1_1.pst.169.xls,3218,9210,9455,16,14,136,0,0,12,8069,0,0,0,0,2,1386,0,0,0,0,0,0,0,0,0,0,0,0,0,0,0,0
benjamin_rogers_000_1_1.pst.169.xls,45736,63248,70996,13619,10473,1779,787,5113,5461,53374,0,0,5,10,2666,10930,0,0,0,0,0,0,0,0,0,0,0,0,0,0,1554,1554
benjamin_rogers_001_1_1.pst.155.xls,45736,63248,70996,13619,10473,1751,787,5113,5461,53374,0,0,5,10,2666,10930,0,0,0,0,0,0,0,0,0,0,0,0,0,0,1554,1554
benjamin_rogers_000_1_1.pst.139.xls,6897,10637,11743,2233,1580,257,168,630,995,9783,0,0,0,0,229,1042,0,0,0,0,0,0,0,0,0,0,0,0,0,0,188,188
vkaminski_001_1_2_1.pst.125.xls,8338,13308,15173,2897,2134,282,235,1565,1023,10115,0,0,29,487,739,2627,0,0,0,0,0,0,0,0,0,0,0,0,0,0,108,108
andy_zipper_000_1_1.pst.18.xls,3322,9522,9793,16,14,131,0,0,12,8355,0,0,0,0,2,1438,0,0,0,0,0,0,0,0,0,0,0,0,0,0,0,0
benjamin_rogers_000_1_1.pst.171.xls,12100,27670,29712,4941,4185,742,147,3086,3197,20985,40,80,16,175,228,4544,0,0,0,0,0,0,0,0,0,0,0,0,0,0,557,557
benjamin_rogers_000_1_1.pst.173.xls,12117,27695,29745,4973,4208,761,147,3086,3197,20987,40,80,16,175,231,4555,0,0,0,0,0,0,0,0,0,0,0,0,0,0,577,577
jonathan_mckay_000_1_1.pst.23.xls,15333,35835,36076,544,345,735,17,65,265,35937,0,0,0,0,7,18,0,0,0,0,0,0,0,0,0,0,0,0,0,0,56,56
jonathan_mckay_000_1_1.pst.24.xls,15333,35835,36076,544,345,701,17,65,265,35937,0,0,0,0,7,18,0,0,0,0,0,0,0,0,0,0,0,0,0,0,56,56
jonathan_mckay_000_1_1.pst.25.xls,15333,35835,36076,544,345,690,17,65,265,35937,0,0,0,0,7,18,0,0,0,0,0,0,0,0,0,0,0,0,0,0,56,56
jonathan_mckay_000_1_1.pst.26.xls,15340,35835,36083,544,345,760,17,65,265,35944,0,0,0,0,7,18,0,0,0,0,0,0,0,0,0,0,0,0,0,0,56,56
jonathan_mckay_000_1_1.pst.27.xls,15339,35834,36081,548,347,699,17,65,267,35942,0,0,0,0,7,18,0,0,0,0,0,0,0,0,0,0,0,0,0,0,56,56
jonathan_mckay_000_1_1.pst.28.xls,15343,35835,36086,546,346,769,17,65,267,35948,0,0,0,0,7,18,0,0,0,0,0,0,0,0,0,0,0,0,0,0,55,55
jonathan_mckay_000_1_1.pst.29.xls,15343,35835,36086,546,346,705,17,65,267,35948,0,0,0,0,7,18,0,0,0,0,0,0,0,0,0,0,0,0,0,0,55,55
jonathan_mckay_000_1_1.pst.30.xls,15346,35835,36089,548,347,697,18,68,267,35948,0,0,0,0,7,18,0,0,0,0,0,0,0,0,0,0,0,0,0,0,55,55
andy_zipper_000_1_1.pst.20.xls,3542,10182,10498,22,18,142,0,0,16,8954,0,0,0,0,2,1544,0,0,0,0,0,0,0,0,0,0,0,0,0,0,0,0
andy_zipper_000_1_1.pst.170.xls,3780,10896,11239,22,18,150,0,0,16,9589,0,0,0,0,2,1650,0,0,0,0,0,0,0,0,0,0,0,0,0,0,0,0
mary_fischer_000_1_1.pst.101.xls,6792,9553,13659,2858,2902,412,15,30,256,7701,0,0,0,0,141,3438,0,0,0,0,0,0,0,0,0,0,0,0,0,0,2490,2490
mary_fischer_000_1_1.pst.114.xls,6774,9517,13639,2835,2887,356,12,24,256,7699,0,0,0,0,141,3438,0,0,0,0,0,0,0,0,0,0,0,0,0,0,2478,2478
mary_fischer_000_1_1.pst.116.xls,8232,11564,16795,3493,3569,444,12,24,311,9406,0,0,0,0,174,4293,0,0,0,0,0,0,0,0,0,0,0,0,0,0,3072,3072
tracy_geaccone_000_1_1.pst.147.xls,13889,23008,22045,4950,4064,540,52,564,3284,20740,0,0,0,0,12,24,0,0,0,0,0,0,0,0,0,0,0,0,0,0,716,716
tracy_geaccone_000_1_1.pst.152.xls,13526,22702,21902,5202,4207,509,52,564,3406,20576,0,0,0,0,12,24,0,0,0,0,0,0,0,0,0,0,0,0,0,0,737,737
tracy_geaccone_000_1_1.pst.239.xls,13553,22744,21888,5191,4194,508,52,564,3404,20573,0,0,0,0,12,24,0,0,0,0,0,0,0,0,0,0,0,0,0,0,726,726
tracy_geaccone_000_1_1.pst.264.xls,13553,22744,21888,5191,4194,555,52,564,3404,20573,0,0,0,0,12,24,0,0,0,0,0,0,0,0,0,0,0,0,0,0,726,726
tracy_geaccone_000_1_1.pst.269.xls,13523,22725,21896,5208,4207,505,52,564,3406,20570,0,0,0,0,12,24,0,0,0,0,0,0,0,0,0,0,0,0,0,0,737,737
vkaminski_000_1_1_1.pst.212.xls,10234,15225,18583,365,283,200,0,0,76,13732,0,0,0,0,74,1094,0,0,0,0,0,0,0,0,0,0,0,0,0,0,133,133
vkaminski_000_1_1_1.pst.216.xls,10234,15225,18583,365,283,198,0,0,76,13732,0,0,0,0,74,1094,0,0,0,0,0,0,0,0,0,0,0,0,0,0,133,133
andy_zipper_000_1_1.pst.23.xls,4102,11862,12243,22,18,188,0,0,16,10449,0,0,0,0,2,1794,0,0,0,0,0,0,0,0,0,0,0,0,0,0,0,0
andrew_lewis_000_1_1.pst.12.xls,4355,6069,9301,296,274,129,5,211,207,7282,0,0,0,0,16,1617,0,0,0,0,0,0,0,0,0,0,0,0,0,0,46,46
andy_zipper_000_1_1.pst.27.xls,4322,12522,12958,22,18,173,0,0,16,11054,0,0,0,0,2,1904,0,0,0,0,0,0,0,0,0,0,0,0,0,0,0,0
phillip_m_love_001_1_1.pst.209.xls,6945,14007,23075,1880,1758,477,12,382,669,18628,0,0,0,0,363,3351,0,0,0,0,0,0,0,0,0,0,0,0,0,0,714,714
fletcher_sturm_000_1_1.pst.99.xls,12063,36827,34300,2388,2090,948,57,1539,1134,29349,0,0,0,0,279,2785,0,0,0,0,0,0,0,0,0,0,0,0,0,0,620,620
vkaminski_000_1_1_1.pst.281.xls,14631,32902,28733,37,26,322,0,0,15,23766,0,0,0,0,5,535,0,0,0,0,0,0,0,0,0,0,0,0,0,0,6,6
vkaminski_000_1_1_1.pst.286.xls,14631,32902,28733,37,26,279,0,0,15,23766,0,0,0,0,5,535,0,0,0,0,0,0,0,0,0,0,0,0,0,0,6,6
vkaminski_000_1_1_1.pst.304.xls,14634,32905,28737,39,27,330,0,0,15,23766,0,0,0,0,6,539,0,0,0,0,0,0,0,0,0,0,0,0,0,0,6,6
vkaminski_000_1_1_1.pst.307.xls,14634,32905,28737,39,27,300,0,0,15,23766,0,0,0,0,6,539,0,0,0,0,0,0,0,0,0,0,0,0,0,0,6,6
vkaminski_001_1_2_1.pst.130.xls,14635,32906,28738,40,27,325,0,0,16,23768,0,0,0,0,6,539,0,0,0,0,0,0,0,0,0,0,0,0,0,0,5,5
vkaminski_001_1_2_1.pst.131.xls,14635,32906,28738,40,27,300,0,0,16,23768,0,0,0,0,6,539,0,0,0,0,0,0,0,0,0,0,0,0,0,0,5,5
vkaminski_001_1_2_1.pst.98.xls,14635,32906,28738,40,27,279,0,0,16,23768,0,0,0,0,6,539,0,0,0,0,0,0,0,0,0,0,0,0,0,0,5,5
tracy_geaccone_000_1_1.pst.146.xls,17197,29545,30102,6652,5877,707,73,624,4199,27782,0,0,0,0,90,180,0,0,0,0,0,0,0,0,0,0,0,0,0,0,1515,1515
tracy_geaccone_000_1_1.pst.151.xls,15065,25250,24388,5695,4548,615,54,586,3613,22830,0,0,0,0,90,180,0,0,0,0,0,0,0,0,0,0,0,0,0,0,791,791
tracy_geaccone_000_1_1.pst.237.xls,15073,25379,24544,5755,4623,597,54,586,3667,22929,0,0,0,0,114,228,0,0,0,0,0,0,0,0,0,0,0,0,0,0,788,788
tracy_geaccone_000_1_1.pst.262.xls,15073,25379,24544,5755,4623,585,54,586,3667,22929,0,0,0,0,114,228,0,0,0,0,0,0,0,0,0,0,0,0,0,0,788,788
tracy_geaccone_000_1_1.pst.268.xls,15048,25253,24391,5715,4577,584,54,586,3643,22834,0,0,0,0,90,180,0,0,0,0,0,0,0,0,0,0,0,0,0,0,790,790
benjamin_rogers_000_1_1.pst.116.xls,9114,16034,19760,2810,2377,410,77,438,1425,14931,2,4,15,281,706,3536,0,0,0,0,0,0,0,0,0,0,0,0,0,0,152,152
benjamin_rogers_001_1_1.pst.109.xls,9707,17064,21011,2997,2503,420,78,457,1481,15943,3,25,15,281,714,3589,0,0,0,0,0,0,0,0,0,0,0,0,0,0,212,212
benjamin_rogers_001_1_1.pst.115.xls,9707,17064,21011,2997,2503,438,78,457,1481,15943,3,25,15,281,714,3589,0,0,0,0,0,0,0,0,0,0,0,0,0,0,212,212
benjamin_rogers_001_1_1.pst.136.xls,9707,17064,21011,2997,2503,439,78,457,1481,15943,3,25,15,281,714,3589,0,0,0,0,0,0,0,0,0,0,0,0,0,0,212,212
benjamin_rogers_001_1_1.pst.246.xls,9646,16904,20810,2991,2493,456,78,457,1471,15742,3,25,15,281,714,3589,0,0,0,0,0,0,0,0,0,0,0,0,0,0,212,212
chris_germany_000_1_2.pst.161.xls,10085,20177,19434,1353,992,250,8,16,356,17862,0,0,47,94,100,976,0,0,0,0,0,0,0,0,0,0,0,0,0,0,481,481
chris_germany_000_1_2.pst.162.xls,9058,17838,17398,1345,987,248,8,16,353,15849,0,0,47,94,102,957,0,0,0,0,0,0,0,0,0,0,0,0,0,0,477,477
chris_germany_000_1_2.pst.163.xls,9038,17788,17358,1345,987,229,8,16,353,15809,0,0,47,94,102,957,0,0,0,0,0,0,0,0,0,0,0,0,0,0,477,477
chris_germany_000_1_2.pst.164.xls,9024,17752,17328,1349,989,253,8,16,353,15777,0,0,47,94,102,957,0,0,0,0,0,0,0,0,0,0,0,0,0,0,479,479
chris_germany_000_1_2.pst.166.xls,9025,17753,17326,1357,993,227,8,16,353,15771,0,0,47,94,102,957,0,0,0,0,0,0,0,0,0,0,0,0,0,0,483,483
darron_c_giron_002_1_1_1.pst.149.xls,10329,21324,29396,562,367,450,101,3358,84,20006,0,0,0,0,22,5872,0,0,0,0,0,0,0,0,0,0,0,0,0,0,160,160
kevin_ruscitti_000_1_1.pst.4.xls,4704,6523,9664,319,273,138,9,264,189,7679,0,0,0,0,24,1525,0,0,0,0,0,0,0,0,0,0,0,0,0,0,51,51
kevin_ruscitti_000_1_1.pst.49.xls,4704,6523,9664,319,273,138,9,264,189,7679,0,0,0,0,24,1525,0,0,0,0,0,0,0,0,0,0,0,0,0,0,51,51
larry_may_000_1_1.pst.302.xls,29153,39012,85615,2130,3173,1837,8,140,2364,63417,0,0,0,0,721,21953,0,0,0,0,0,0,0,0,0,0,0,0,0,0,80,80
larry_may_000_1_1.pst.311.xls,29153,39012,85615,2130,3173,1826,8,140,2364,63417,0,0,0,0,721,21953,0,0,0,0,0,0,0,0,0,0,0,0,0,0,80,80
benjamin_rogers_001_1_1.pst.50.xls,8164,11618,14787,3498,2603,328,33,630,1383,10747,0,0,0,0,812,3034,0,0,0,0,0,0,0,0,0,0,0,0,0,0,375,375
benjamin_rogers_001_1_1.pst.222.xls,8255,11712,14922,3509,2610,338,33,630,1385,10835,0,0,0,0,813,3077,0,0,0,0,0,0,0,0,0,0,0,0,0,0,379,379
darron_c_giron_002_1_1_1.pst.167.xls,2513,4842,7502,201,152,112,11,652,80,5416,0,0,0,0,33,1326,0,0,0,0,0,0,0,0,0,0,0,0,0,0,28,28
jim_schwieger_000_1_1.pst.104.xls,10766,21149,18617,9058,5060,751,6,1212,1414,11481,0,0,0,0,2276,4552,0,0,0,0,0,0,0,0,0,0,0,0,0,0,1364,1364
david_delainey_000_1_1_1.pst.3.xls,12047,17623,21275,4360,4272,508,162,1196,2455,14778,0,0,33,153,1379,4357,0,0,0,0,0,0,0,0,0,0,0,0,0,0,243,243
david_delainey_000_1_1_1.pst.4.xls,12011,17547,21372,4539,4391,487,161,1153,2513,14863,0,0,33,153,1442,4568,0,0,0,0,0,0,0,0,0,0,0,0,0,0,242,242
mary_hain_000_1_1.pst.160.xls,9421,12890,18014,292,222,299,2,4,133,14658,0,0,0,0,30,3295,0,0,0,0,0,0,0,0,0,0,0,0,0,0,57,57
jane_tholt_000_1_1.pst.191.xls,5089,9046,10870,1353,1081,228,8,300,531,6638,0,0,0,0,278,3668,0,0,0,0,0,0,0,0,0,0,0,0,0,0,264,264
jane_tholt_000_1_1.pst.198.xls,5170,9130,11025,1369,1100,216,9,344,536,6674,0,0,0,0,288,3740,0,0,0,0,0,0,0,0,0,0,0,0,0,0,267,267
john_lavorato_000_1_1_1.pst.57.xls,37546,47279,183193,3497,2833,4700,6,12,812,72730,0,0,0,0,523,81890,0,0,0,0,0,0,0,0,0,0,0,0,0,0,1492,1492
john_griffith_000_1_1.pst.846.xls,27615,50325,54296,2741,1896,1163,50,1835,789,45184,0,0,0,0,183,6403,0,0,0,0,0,0,0,0,0,0,0,0,0,0,874,874
robin_rodrigue_000_1_1.pst.133.xls,10481,15141,22414,1034,913,377,3,34,309,18926,0,0,0,0,110,2892,0,0,0,0,0,0,0,0,0,0,0,0,0,0,491,491
stacey_white_000_1_1.pst.51.xls,8573,21656,18285,131,96,225,0,0,77,17350,0,0,0,0,2,918,0,0,0,0,0,0,0,0,0,0,0,0,0,0,17,17
vkaminski_001_1_2_1.pst.159.xls,13151,22175,27395,2355,1698,460,83,3510,834,16199,1,2,77,928,427,4948,0,0,0,0,0,0,0,0,0,0,0,0,0,0,276,276
vkaminski_001_1_2_1.pst.160.xls,13540,22895,27842,2400,1864,486,77,3225,938,16828,0,0,60,1010,511,5024,0,0,0,0,0,0,0,0,0,0,0,0,0,0,278,278
sally_beck_002_1_1_1.pst.3.xls,34443,44268,111977,344,397,2285,0,0,291,88491,0,0,0,0,72,23452,0,0,0,0,0,0,0,0,0,0,0,0,0,0,34,34
sally_beck_002_1_1_1.pst.5.xls,34547,44372,112045,278,275,2121,0,0,190,88486,0,0,0,0,49,23523,0,0,0,0,0,0,0,0,0,0,0,0,0,0,36,36
jane_tholt_000_1_1.pst.186.xls,3640,9382,10080,187,179,141,8,109,110,7543,0,0,0,0,24,2391,0,0,0,0,0,0,0,0,0,0,0,0,0,0,37,37
kim_ward_000_1_2.pst.383.xls,3640,9352,10230,192,185,146,8,109,113,7632,0,0,0,0,26,2451,0,0,0,0,0,0,0,0,0,0,0,0,0,0,38,38
kim_ward_000_1_2.pst.406.xls,3640,9382,10080,187,179,141,8,109,110,7543,0,0,0,0,24,2391,0,0,0,0,0,0,0,0,0,0,0,0,0,0,37,37
kim_ward_000_1_2.pst.428.xls,3640,9382,10080,187,179,140,8,109,110,7543,0,0,0,0,24,2391,0,0,0,0,0,0,0,0,0,0,0,0,0,0,37,37
darron_c_giron_002_1_1_1.pst.154.xls,9267,14013,23969,93,77,294,9,3261,45,14439,0,0,0,0,18,5992,0,0,0,0,0,0,0,0,0,0,0,0,0,0,5,5
vkaminski_000_1_1_1.pst.278.xls,11143,16722,14438,186,133,151,6,3400,62,9022,0,0,0,0,21,1510,0,0,0,0,0,0,0,0,0,0,0,0,0,0,44,44
vkaminski_000_1_1_1.pst.289.xls,11396,17228,14691,192,136,152,6,3400,63,9273,0,0,0,0,21,1510,0,0,0,0,0,0,0,0,0,0,0,0,0,0,46,46
vkaminski_000_1_1_1.pst.313.xls,16041,25807,19106,239,164,213,7,3650,88,13392,0,0,0,0,23,1556,0,0,0,0,0,0,0,0,0,0,0,0,0,0,46,46
paul_y'barbo_000_1_1.pst.26.xls,10245,15364,20600,849,626,454,0,0,237,14811,0,0,0,0,135,5535,0,0,0,0,0,0,0,0,0,0,0,0,0,0,254,254
paul_y'barbo_000_1_1.pst.61.xls,10246,15365,20601,911,667,457,0,0,252,14756,0,0,0,0,150,5580,0,0,0,0,0,0,0,0,0,0,0,0,0,0,265,265
paul_y'barbo_000_1_1.pst.64.xls,10247,15366,20602,927,678,460,0,0,257,14731,0,0,0,0,155,5605,0,0,0,0,0,0,0,0,0,0,0,0,0,0,266,266
phillip_m_love_000_1_1.pst.681.xls,20510,29102,60135,1570,1263,1969,42,357,589,39663,0,0,0,0,196,19678,0,0,0,0,0,0,0,0,0,0,0,0,0,0,436,436
lisa_gang_000_1_1.pst.136.xls,5554,9209,10749,762,628,155,2,61,309,6167,0,0,0,0,258,4460,0,0,0,0,0,0,0,0,0,0,0,0,0,0,59,59
vkaminski_000_1_1_1.pst.276.xls,2928,5673,8668,43,37,125,1,100,15,3317,0,0,0,0,12,4861,0,0,0,0,0,0,0,0,0,0,0,0,0,0,9,9
darron_c_giron_002_1_1_1.pst.157.xls,4866,6497,11300,138,93,144,53,2114,20,5400,0,0,0,0,14,3780,0,0,0,0,0,0,0,0,0,0,0,0,0,0,6,6
chris_dorland_000_1_1_1.pst.47.xls,4891,6757,12676,270,287,244,12,350,155,10694,0,0,0,0,46,1277,0,0,0,0,0,0,0,0,0,0,0,0,0,0,74,74
richard_ring_000_1_1.pst.143.xls,18603,20142,23843,356,255,253,51,14056,11,7428,0,0,0,0,33,2199,0,0,0,0,0,0,0,0,0,0,0,0,0,0,160,160
jane_tholt_000_1_1.pst.123.xls,8353,12004,13657,7247,3814,231,13,418,133,2730,0,0,0,0,1935,8776,0,0,0,0,0,0,0,0,0,0,0,0,0,0,1733,1733
vkaminski_001_1_2_1.pst.161.xls,50299,86478,97099,5679,4100,1535,187,7278,1987,76078,192,384,173,1366,634,9360,0,0,0,0,0,0,0,0,0,0,0,0,0,0,927,927
vladi_pimenov_000_1_1.pst.6.xls,7141,12259,12587,584,473,221,18,555,115,7534,0,0,0,0,76,4053,0,0,0,0,0,0,0,0,0,0,0,0,0,0,264,264
john_griffith_000_1_1.pst.546.xls,4463,9922,14007,61,60,224,4,57,46,12881,0,0,0,0,4,1063,0,0,0,0,0,0,0,0,0,0,0,0,0,0,6,6
phillip_allen_000_1_1.pst.132.xls,6741,9500,11054,2532,2273,247,127,455,935,7861,0,0,1,2,372,1874,0,0,0,0,0,0,0,0,0,0,0,0,0,0,838,838
phillip_allen_000_1_1.pst.134.xls,6740,9500,11054,2532,2273,247,127,455,935,7861,0,0,1,2,372,1874,0,0,0,0,0,0,0,0,0,0,0,0,0,0,838,838
joe_parks_000_1_1.pst.315.xls,35252,51046,89107,412,384,1380,2,16,231,67272,0,0,0,0,76,16359,0,0,0,0,0,0,0,0,0,0,0,0,0,0,75,75
dutch_quigley_000_1_1.pst.200.xls,22855,44458,44588,1031,646,789,2,243,223,40021,0,0,0,0,31,3703,0,0,0,0,0,0,0,0,0,0,0,0,0,0,390,390
dutch_quigley_000_1_1.pst.201.xls,22855,44458,44588,1031,646,796,2,243,223,40021,0,0,0,0,31,3703,0,0,0,0,0,0,0,0,0,0,0,0,0,0,390,390
dutch_quigley_000_1_1.pst.202.xls,22855,44458,44588,1031,646,875,2,243,223,40021,0,0,0,0,31,3703,0,0,0,0,0,0,0,0,0,0,0,0,0,0,390,390
gstorey_000_1_1.pst.116.xls,94862,148937,298924,1226,1187,5084,14,1690,725,259076,0,0,0,0,165,23267,0,0,0,0,0,0,0,0,0,0,0,0,0,0,283,283
vkaminski_001_1_2_1.pst.36.xls,19723,44382,69127,3391,3231,1656,62,475,2024,60592,0,0,0,0,634,7527,0,0,0,0,0,0,0,0,0,0,0,0,0,0,511,511
vkaminski_003_1_1_1.pst.21.xls,3109,3147,10472,47,57,166,2,504,24,4851,0,0,0,0,26,5112,0,0,0,0,0,0,0,0,0,0,0,0,0,0,5,5
john_arnold_000_1_2.pst.326.xls,11222,14233,39035,367,336,591,60,5932,204,26103,0,0,0,0,35,3138,0,0,0,0,0,0,0,0,0,0,0,0,0,0,37,37
benjamin_rogers_000_1_1.pst.190.xls,32310,54871,74010,3271,3261,1677,44,888,2204,68414,0,0,0,0,690,3748,0,0,0,0,0,0,0,0,0,0,0,0,0,0,323,323
benjamin_rogers_000_1_1.pst.191.xls,32479,56385,74029,3281,3262,1664,44,888,2203,68521,0,0,0,0,688,3656,0,0,0,0,0,0,0,0,0,0,0,0,0,0,327,327
darron_c_giron_002_1_1_1.pst.143.xls,11362,17079,28177,278,185,388,76,5072,78,18046,0,0,0,0,29,4980,0,0,0,0,0,0,0,0,0,0,0,0,0,0,2,2
darron_c_giron_002_1_1_1.pst.177.xls,11362,17079,28177,278,185,392,76,5072,78,18046,0,0,0,0,29,4980,0,0,0,0,0,0,0,0,0,0,0,0,0,0,2,2
vkaminski_000_1_1_1.pst.169.xls,15614,16848,59898,211,224,1012,0,0,92,17006,0,0,0,0,128,42888,0,0,0,0,0,0,0,0,0,0,0,0,0,0,4,4
vkaminski_000_1_1_1.pst.26.xls,6003,9443,14209,81,68,187,2,7,36,9220,0,0,4,729,20,3883,0,0,0,0,0,0,0,0,0,0,0,0,0,0,6,6
jeff_dasovich_000_1_1_1.pst.138.xls,9259,10043,17760,2570,3140,540,20,263,2039,12580,0,0,0,0,1013,4849,0,0,0,0,0,0,0,0,0,0,0,0,0,0,68,68
keith_holst_000_1_1.pst.68.xls,59126,118717,103587,478,289,1386,6,1381,253,92509,0,0,0,0,3,5145,0,0,0,0,0,0,0,0,0,0,0,0,0,0,27,27
vkaminski_000_1_1_1.pst.141.xls,10544,15114,41656,254,232,864,4,632,131,21826,0,0,0,0,64,18226,0,0,0,0,0,0,0,0,0,0,0,0,0,0,33,33
tori_kuykendall_000_1_1_1.pst.0.xls,7142,13984,12053,394,276,129,6,98,152,10131,0,0,0,0,91,1785,0,0,0,0,0,0,0,0,0,0,0,0,0,0,27,27
tori_kuykendall_000_1_1_1.pst.106.xls,7142,13984,12040,393,275,132,6,98,152,10131,0,0,0,0,90,1772,0,0,0,0,0,0,0,0,0,0,0,0,0,0,27,27
tori_kuykendall_000_1_1_1.pst.122.xls,7519,14717,12417,397,277,131,6,98,154,10508,0,0,0,0,90,1772,0,0,0,0,0,0,0,0,0,0,0,0,0,0,27,27
tori_kuykendall_000_1_1_1.pst.15.xls,7519,14738,12417,397,277,132,6,98,154,10508,0,0,0,0,90,1772,0,0,0,0,0,0,0,0,0,0,0,0,0,0,27,27
tori_kuykendall_000_1_1_1.pst.48.xls,7519,14738,12417,397,277,133,6,98,154,10508,0,0,0,0,90,1772,0,0,0,0,0,0,0,0,0,0,0,0,0,0,27,27
vladi_pimenov_000_1_1.pst.73.xls,7519,14717,12417,397,277,133,6,98,154,10508,0,0,0,0,90,1772,0,0,0,0,0,0,0,0,0,0,0,0,0,0,27,27
vkaminski_001_1_2_1.pst.100.xls,5072,7277,15579,113,144,239,0,0,61,6960,0,0,0,0,69,8162,0,0,0,0,0,0,0,0,0,0,0,0,0,0,14,14
jim_schwieger_000_1_1.pst.110.xls,6663,16015,35629,8266,10015,1105,0,0,5296,15931,0,0,0,0,4235,16946,0,0,0,0,0,0,0,0,0,0,0,0,0,0,484,484
gerald_nemec_000_1_1.pst.11.xls,9212,11391,13289,2956,2494,373,233,1248,1757,9134,0,0,0,0,187,2471,0,0,0,0,0,0,0,0,0,0,0,0,0,0,317,317
jeff_dasovich_000_1_1_1.pst.115.xls,7665,12297,15822,134,102,210,1,359,72,12909,0,0,0,0,7,1455,0,0,0,0,0,0,0,0,0,0,0,0,0,0,22,22
jeff_dasovich_000_1_1_1.pst.116.xls,8451,13356,16827,182,134,231,1,359,103,13913,0,0,0,0,7,1455,0,0,0,0,0,0,0,0,0,0,0,0,0,0,23,23
vkaminski_003_1_1_1.pst.73.xls,100304,177248,129492,428,355,1971,2,254,216,103719,0,0,0,0,126,25508,0,0,0,0,0,0,0,0,0,0,0,0,0,0,11,11
vkaminski_001_1_2_1.pst.61.xls,28561,35165,68090,169,187,1048,7,6578,21,21943,0,0,0,0,20,39424,0,0,0,0,0,0,0,0,0,0,0,0,0,0,139,139
stacey_white_000_1_1.pst.1.xls,92860,130576,196260,813,662,2442,56,12434,283,91950,0,0,75,11709,187,62618,0,0,0,0,0,0,0,0,0,0,0,0,0,0,61,61
stacey_white_000_1_1.pst.216.xls,103910,145837,219729,901,738,2683,62,13938,314,102934,0,0,85,13173,209,69942,0,0,0,0,0,0,0,0,0,0,0,0,0,0,68,68
stacey_white_000_1_1.pst.252.xls,103908,145837,219729,901,738,2699,62,13938,314,102934,0,0,85,13173,209,69942,0,0,0,0,0,0,0,0,0,0,0,0,0,0,68,68
stacey_white_000_1_1.pst.262.xls,103908,145837,219729,901,738,2679,62,13938,314,102934,0,0,85,13173,209,69942,0,0,0,0,0,0,0,0,0,0,0,0,0,0,68,68
stacey_white_000_1_1.pst.269.xls,103908,145837,219729,901,738,2705,62,13938,314,102934,0,0,85,13173,209,69942,0,0,0,0,0,0,0,0,0,0,0,0,0,0,68,68
stacey_white_000_1_1.pst.279.xls,103908,145837,219729,901,738,2689,62,13938,314,102934,0,0,85,13173,209,69942,0,0,0,0,0,0,0,0,0,0,0,0,0,0,68,68
stacey_white_000_1_1.pst.287.xls,103908,145837,219729,901,738,2747,62,13938,314,102934,0,0,85,13173,209,69942,0,0,0,0,0,0,0,0,0,0,0,0,0,0,68,68
stacey_white_000_1_1.pst.296.xls,103908,145837,219729,901,738,2854,62,13938,314,102934,0,0,85,13173,209,69942,0,0,0,0,0,0,0,0,0,0,0,0,0,0,68,68
stacey_white_000_1_1.pst.3.xls,109429,153467,231466,956,781,2830,70,14700,328,108417,0,0,90,13905,220,73604,0,0,0,0,0,0,0,0,0,0,0,0,0,0,73,73
stacey_white_000_1_1.pst.300.xls,103908,145837,219729,901,738,2738,62,13938,314,102934,0,0,85,13173,209,69942,0,0,0,0,0,0,0,0,0,0,0,0,0,0,68,68
stacey_white_000_1_1.pst.305.xls,103909,145837,219729,901,738,2685,62,13938,314,102934,0,0,85,13173,209,69942,0,0,0,0,0,0,0,0,0,0,0,0,0,0,68,68
vkaminski_000_1_1_1.pst.27.xls,7584,9141,31689,65,67,464,1,2,16,7585,0,0,0,0,27,24078,0,0,0,0,0,0,0,0,0,0,0,0,0,0,23,23
benjamin_rogers_000_1_1.pst.140.xls,36855,69386,104323,3724,3300,2276,116,1315,2101,93835,0,0,10,95,666,6715,0,0,0,0,0,0,0,0,0,0,0,0,0,0,407,407
benjamin_rogers_001_1_1.pst.153.xls,36855,69386,104323,3724,3300,2253,116,1315,2101,93835,0,0,10,95,666,6715,0,0,0,0,0,0,0,0,0,0,0,0,0,0,407,407
harry_arora_000_1_1.pst.130.xls,118792,145768,305056,1638,1836,4614,15,2340,603,122668,0,0,0,0,807,171348,0,0,0,0,0,0,0,0,0,0,0,0,0,0,411,411
dutch_quigley_000_1_1.pst.51.xls,9056,13109,11917,34,21,93,1,1076,10,5523,0,0,0,0,4,5312,0,0,0,0,0,0,0,0,0,0,0,0,0,0,6,6
jim_schwieger_000_1_1.pst.100.xls,9157,13210,12119,34,21,95,1,1076,10,5523,0,0,0,0,4,5514,0,0,0,0,0,0,0,0,0,0,0,0,0,0,6,6
jim_schwieger_000_1_1.pst.106.xls,9157,13210,12119,34,21,95,1,1076,10,5523,0,0,0,0,4,5514,0,0,0,0,0,0,0,0,0,0,0,0,0,0,6,6
jim_schwieger_000_1_1.pst.71.xls,9157,13210,12119,34,21,153,1,1076,10,5523,0,0,0,0,4,5514,0,0,0,0,0,0,0,0,0,0,0,0,0,0,6,6
gstorey_000_1_1.pst.111.xls,7444,8219,15576,181,137,252,12,3056,38,10638,0,0,0,0,5,1800,0,0,0,0,0,0,0,0,0,0,0,0,0,0,82,82
mark_taylor_001_1_1.pst.120.xls,6547,7853,14277,502,569,285,1,2,294,11208,0,0,0,0,89,2882,0,0,0,0,0,0,0,0,0,0,0,0,0,0,185,185
vkaminski_000_1_1_1.pst.2.xls,14561,17742,44962,308,350,714,0,0,137,17713,0,0,13,897,154,15810,0,0,0,0,0,0,0,0,0,0,0,0,0,0,46,46
kam_keiser_000_1_1.pst.16.xls,52150,99917,173744,12164,11344,3898,80,2934,4461,140011,0,0,0,0,2138,26134,0,0,0,0,0,0,0,0,0,0,0,0,0,0,4665,4665
phillip_m_love_000_1_1.pst.476.xls,63441,122367,212949,13296,12388,4732,88,3694,4877,173378,0,0,0,0,2302,30756,0,0,0,0,0,0,0,0,0,0,0,0,0,0,5121,5121
kevin_ruscitti_000_1_1.pst.125.xls,14941,16709,33038,1004,793,497,126,3460,385,16867,0,0,0,0,49,12455,0,0,0,0,0,0,0,0,0,0,0,0,0,0,233,233
scott_neal_000_1_1.pst.156.xls,7598,14646,25195,244,216,496,3,778,98,21649,0,0,0,0,27,2680,0,0,0,0,0,0,0,0,0,0,0,0,0,0,88,88
brad_mckay_000_1_1.pst.0.xls,12003,17362,23898,188,148,229,15,194,71,16610,0,0,0,0,36,6993,0,0,0,0,0,0,0,0,0,0,0,0,0,0,26,26
scott_neal_000_1_1.pst.192.xls,16349,30019,32415,204,158,331,18,367,76,24930,0,0,0,0,38,7017,0,0,0,0,0,0,0,0,0,0,0,0,0,0,26,26
rick_buy_000_1_1_1_1.pst.186.xls,33326,34752,110102,577,495,2236,136,24732,191,30557,0,0,0,0,153,53874,0,0,0,0,0,0,0,0,0,0,0,0,0,0,15,15
vkaminski_002_1_1_1.pst.275.xls,17188,31537,64201,746,814,1591,4,625,258,53741,0,0,0,0,407,9690,0,0,0,0,0,0,0,0,0,0,0,0,0,0,145,145
john_griffith_000_1_1.pst.184.xls,53873,75322,125119,880,833,2041,24,847,511,102404,0,0,0,0,102,17187,0,0,0,0,0,0,0,0,0,0,0,0,0,0,196,196
john_griffith_000_1_1.pst.187.xls,53988,75498,125402,891,841,2066,24,847,516,102684,0,0,0,0,102,17187,0,0,0,0,0,0,0,0,0,0,0,0,0,0,199,199
john_griffith_000_1_1.pst.196.xls,39492,49059,89242,405,393,1485,13,3582,258,70403,0,0,0,0,54,11958,0,0,0,0,0,0,0,0,0,0,0,0,0,0,68,68
john_griffith_000_1_1.pst.197.xls,26639,33263,59789,248,250,952,4,32,178,49599,0,0,0,0,36,7972,0,0,0,0,0,0,0,0,0,0,0,0,0,0,32,32
john_griffith_000_1_1.pst.200.xls,39505,49103,89279,414,400,1427,13,3582,264,70439,0,0,0,0,54,11958,0,0,0,0,0,0,0,0,0,0,0,0,0,0,69,69
john_griffith_000_1_1.pst.322.xls,13118,16429,29693,122,124,462,1,5,89,24609,0,0,0,0,18,3986,0,0,0,0,0,0,0,0,0,0,0,0,0,0,16,16
errol_mclaughlin_jr_000_1_1.pst.136.xls,13408,16339,29984,123,125,481,2,364,89,24541,0,0,0,0,18,3986,0,0,0,0,0,0,0,0,0,0,0,0,0,0,16,16
john_griffith_000_1_1.pst.146.xls,72964,103209,177457,823,770,2846,20,4342,521,139754,0,0,0,0,109,25702,0,0,0,0,0,0,0,0,0,0,0,0,0,0,120,120
john_griffith_000_1_1.pst.147.xls,72971,103222,177466,836,779,2815,20,4342,521,139754,0,0,0,0,109,25702,0,0,0,0,0,0,0,0,0,0,0,0,0,0,129,129
richard_shapiro_000_1_1.pst.140.xls,13511,16519,30096,136,133,518,2,364,97,24653,0,0,0,0,18,3986,0,0,0,0,0,0,0,0,0,0,0,0,0,0,16,16
mark_taylor_001_1_1.pst.58.xls,10515,13316,33037,45,38,535,4,3285,20,21692,0,0,0,0,8,8054,0,0,0,0,0,0,0,0,0,0,0,0,0,0,6,6
errol_mclaughlin_jr_000_1_1.pst.133.xls,49167,66600,114310,554,516,1872,15,482,334,93489,0,0,0,0,68,15932,0,0,0,0,0,0,0,0,0,0,0,0,0,0,99,99
errol_mclaughlin_jr_000_1_1.pst.137.xls,84476,106884,178664,798,768,3019,22,1598,522,145092,0,0,0,0,116,25404,0,0,0,0,0,0,0,0,0,0,0,0,0,0,108,108
vkaminski_000_1_1_1.pst.309.xls,11385,11546,48274,264,313,955,1,376,116,16419,0,0,0,0,195,20236,0,0,0,0,0,0,0,0,0,0,0,0,0,0,1,1
vkaminski_000_1_1_1.pst.310.xls,11385,11546,48274,264,313,949,1,376,116,16419,0,0,0,0,195,20236,0,0,0,0,0,0,0,0,0,0,0,0,0,0,1,1
vkaminski_002_1_1_1.pst.10.xls,14042,14055,60106,43,88,1211,2,23,15,13012,0,0,0,0,53,47053,0,0,0,0,0,0,0,0,0,0,0,0,0,0,18,18
kevin_presto_000_1_1.pst.16.xls,24078,33870,99356,878,1200,2775,76,5999,482,50285,0,0,0,0,600,42791,0,0,0,0,0,0,0,0,0,0,0,0,0,0,42,42
john_griffith_000_1_1.pst.185.xls,23831,33630,99910,871,1197,2795,75,5832,479,51014,0,0,0,0,601,42783,0,0,0,0,0,0,0,0,0,0,0,0,0,0,42,42
mark_haedicke_000_1_2.pst.31.xls,47337,51271,178455,3235,5818,5327,0,0,2317,90968,0,0,0,0,3027,87005,0,0,0,0,0,0,0,0,0,0,0,0,0,0,474,474
vkaminski_002_1_1_1.pst.12.xls,46139,47188,201361,163,296,4050,6,67,52,44052,0,0,0,0,185,157189,0,0,0,0,0,0,0,0,0,0,0,0,0,0,53,53
vladi_pimenov_000_1_1.pst.2.xls,32323,42679,62900,425,242,1021,0,0,56,51488,0,0,0,0,186,11412,0,0,0,0,0,0,0,0,0,0,0,0,0,0,0,0
vladi_pimenov_000_1_1.pst.57.xls,32323,42861,62900,426,242,1138,0,0,56,51488,0,0,0,0,186,11412,0,0,0,0,0,0,0,0,0,0,0,0,0,0,0,0
vladi_pimenov_000_1_1.pst.60.xls,32323,42861,62900,426,242,1136,0,0,56,51488,0,0,0,0,186,11412,0,0,0,0,0,0,0,0,0,0,0,0,0,0,0,0
vladi_pimenov_000_1_1.pst.61.xls,32323,42679,62900,425,242,1251,0,0,56,51488,0,0,0,0,186,11412,0,0,0,0,0,0,0,0,0,0,0,0,0,0,0,0
matthew_lenhart_000_1_1.pst.1.xls,22116,28271,71968,678,756,1343,20,1078,268,26677,0,0,0,0,382,43722,0,0,0,0,0,0,0,0,0,0,0,0,0,0,86,86
joe_parks_000_1_1.pst.133.xls,35027,36253,101500,8247,21358,3337,16,700,13854,64586,0,0,0,0,7271,35997,0,0,0,0,0,0,0,0,0,0,0,0,0,0,217,217
jonathan_mckay_000_1_1.pst.122.xls,114690,166902,161882,1652,1581,2486,0,0,499,136925,0,0,0,0,1018,24700,0,0,0,0,0,0,0,0,0,0,0,0,0,0,64,64
vkaminski_001_1_2_1.pst.62.xls,39090,41136,164348,4114,3247,12201,2,20,1054,47060,0,0,0,0,1177,106254,0,0,0,0,0,0,0,0,0,0,0,0,0,0,1014,1014
matthew_lenhart_000_1_1.pst.19.xls,36263,48945,119898,814,939,2384,18,731,327,43500,0,0,0,0,509,75221,0,0,0,0,0,0,0,0,0,0,0,0,0,0,85,85
mike_grigsby_000_1_1_1.pst.106.xls,36263,48945,119898,814,939,2369,18,731,327,43500,0,0,0,0,509,75221,0,0,0,0,0,0,0,0,0,0,0,0,0,0,85,85
phillip_allen_000_1_1.pst.102.xls,36448,49224,120737,831,946,2377,21,818,331,43956,0,0,0,0,509,75517,0,0,0,0,0,0,0,0,0,0,0,0,0,0,85,85
matthew_lenhart_000_1_1.pst.20.xls,36455,49227,120756,822,943,2458,20,819,329,43964,0,0,0,0,509,75527,0,0,0,0,0,0,0,0,0,0,0,0,0,0,85,85
phillip_allen_000_1_1.pst.253.xls,36455,49227,120756,822,943,2400,20,819,329,43964,0,0,0,0,509,75527,0,0,0,0,0,0,0,0,0,0,0,0,0,0,85,85
matthew_lenhart_000_1_1.pst.23.xls,39086,52138,131272,852,985,2631,20,819,340,46581,0,0,0,0,540,83426,0,0,0,0,0,0,0,0,0,0,0,0,0,0,85,85
mike_grigsby_000_1_1_1.pst.108.xls,39075,52104,131252,849,983,2772,20,819,338,46560,0,0,0,0,540,83427,0,0,0,0,0,0,0,0,0,0,0,0,0,0,85,85
john_lavorato_001_1_1_1.pst.94.xls,69539,104347,243226,37,36,3322,3,20841,24,159858,0,0,0,0,6,41686,0,0,0,0,0,0,0,0,0,0,0,0,0,0,3,3
benjamin_rogers_000_1_1.pst.39.xls,175568,178695,700961,517,806,17353,1,182,550,525576,0,0,0,0,183,175131,0,0,0,0,0,0,0,0,0,0,0,0,0,0,72,72
